Datetime,Actual,Predicted
2021-12-11 13:30:00,48547.9921875,48318.023
2021-12-11 13:45:00,48323.87109375,48324.613
2021-12-11 14:00:00,48263.75,48312.125
2021-12-11 14:30:00,48369.96484375,48290.54
2021-12-11 14:45:00,48479.546875,48277.88
2021-12-11 15:00:00,48517.1640625,48279.07
2021-12-11 15:15:00,48583.97265625,48287.914
2021-12-11 15:30:00,48690.6328125,48303.676
2021-12-11 15:45:00,48709.27734375,48328.15
2021-12-11 16:00:00,48918.39453125,48353.113
2021-12-11 16:15:00,49226.47265625,48392.06
2021-12-11 16:30:00,49223.37109375,48455.54
2021-12-11 16:45:00,49066.5390625,48515.824
2021-12-11 17:00:00,48977.203125,48551.766
2021-12-11 17:15:00,48959.34765625,48566.445
2021-12-11 17:30:00,48917.0,48569.777
2021-12-11 17:45:00,48751.0,48564.812
2021-12-11 18:00:00,48707.09375,48543.92
2021-12-11 18:15:00,48621.97265625,48517.5
2021-12-11 18:30:00,48785.5,48486.188
2021-12-11 18:45:00,48697.98046875,48471.86
2021-12-11 19:00:00,48777.4375,48457.98
2021-12-11 19:15:00,48770.90234375,48453.56
2021-12-11 19:30:00,48534.35546875,48452.406
2021-12-11 19:45:00,48438.86328125,48433.133
2021-12-11 20:00:00,48469.66796875,48403.395
2021-12-11 20:15:00,48553.09765625,48377.297
2021-12-11 20:30:00,48716.375,48363.336
2021-12-11 20:45:00,48593.078125,48369.277
2021-12-11 21:00:00,48482.2578125,48370.766
2021-12-11 21:15:00,48600.8984375,48361.9
2021-12-11 21:30:00,48480.95703125,48360.91
2021-12-11 21:45:00,48777.99609375,48352.453
2021-12-11 22:00:00,48754.5078125,48367.85
2021-12-11 22:15:00,48748.734375,48386.29
2021-12-11 22:30:00,49098.80859375,48402.76
2021-12-11 22:45:00,48872.984375,48445.9
2021-12-11 23:00:00,49259.109375,48470.73
2021-12-11 23:15:00,49314.17578125,48519.355
2021-12-11 23:30:00,49200.140625,48571.363
2021-12-11 23:45:00,49418.83203125,48606.082
2021-12-12 00:00:00,49468.578125,48648.492
2021-12-12 00:15:00,49584.00390625,48689.766
2021-12-12 00:30:00,49382.55859375,48733.67
2021-12-12 00:45:00,49331.55859375,48753.195
2021-12-12 01:00:00,49407.7109375,48757.504
2021-12-12 01:15:00,49191.453125,48762.24
2021-12-12 01:30:00,49277.0703125,48747.617
2021-12-12 01:45:00,49208.890625,48736.402
2021-12-12 02:00:00,49167.3828125,48721.938
2021-12-12 02:15:00,49261.453125,48705.484
2021-12-12 02:30:00,49270.9140625,48698.99
2021-12-12 02:45:00,49098.1796875,48697.453
2021-12-12 03:00:00,49081.22265625,48683.523
2021-12-12 03:15:00,49211.9921875,48666.742
2021-12-12 03:30:00,49354.8125,48662.535
2021-12-12 03:45:00,49349.32421875,48675.26
2021-12-12 04:00:00,49178.33984375,48690.89
2021-12-12 04:15:00,49267.2421875,48690.633
2021-12-12 04:30:00,49228.25,48693.023
2021-12-12 04:45:00,48971.7578125,48692.066
2021-12-12 05:00:00,49103.05859375,48669.027
2021-12-12 05:15:00,49016.33984375,48653.637
2021-12-12 05:30:00,49029.15234375,48635.477
2021-12-12 05:45:00,48995.9765625,48620.71
2021-12-12 06:00:00,49136.9453125,48606.684
2021-12-12 06:15:00,49062.578125,48607.176
2021-12-12 06:30:00,49165.1484375,48605.914
2021-12-12 06:45:00,49220.46875,48613.406
2021-12-12 07:00:00,49131.453125,48627.113
2021-12-12 07:15:00,49322.65234375,48633.03
2021-12-12 07:30:00,49294.85546875,48652.145
2021-12-12 07:45:00,49293.09375,48669.434
2021-12-12 08:00:00,49350.8046875,48683.348
2021-12-12 08:15:00,49220.52734375,48698.777
2021-12-12 08:30:00,49062.015625,48700.777
2021-12-12 08:45:00,49027.18359375,48685.1
2021-12-12 09:00:00,49009.59765625,48663.22
2021-12-12 09:15:00,49070.109375,48641.066
2021-12-12 09:30:00,48960.65625,48627.36
2021-12-12 09:45:00,48826.67578125,48609.543
2021-12-12 10:00:00,48729.3359375,48582.51
2021-12-12 10:15:00,48896.0703125,48548.883
2021-12-12 10:30:00,48819.57421875,48532.316
2021-12-12 10:45:00,48870.41796875,48517.465
2021-12-12 11:00:00,48962.828125,48510.31
2021-12-12 11:15:00,49017.53515625,48514.566
2021-12-12 11:30:00,49206.1796875,48526.594
2021-12-12 11:45:00,49111.359375,48555.7
2021-12-12 12:00:00,49351.328125,48577.105
2021-12-12 12:15:00,49535.48046875,48613.707
2021-12-12 12:30:00,49509.96875,48664.504
2021-12-12 12:45:00,49521.78515625,48709.01
2021-12-12 13:00:00,49752.4140625,48745.23
2021-12-12 13:15:00,49653.6875,48792.43
2021-12-12 13:30:00,49735.77734375,48825.934
2021-12-12 13:45:00,49840.3828125,48856.758
2021-12-12 14:00:00,49916.5078125,48890.055
2021-12-12 14:15:00,49723.76953125,48924.734
2021-12-12 14:30:00,49765.15625,48937.062
2021-12-12 14:45:00,49875.3671875,48944.043
2021-12-12 15:00:00,49716.79296875,48957.074
2021-12-12 15:15:00,49821.59765625,48955.7
2021-12-12 15:30:00,49743.80859375,48959.402
2021-12-12 15:45:00,49696.30859375,48956.832
2021-12-12 16:00:00,49570.23046875,48948.79
2021-12-12 16:15:00,49701.84765625,48929.395
2021-12-12 16:30:00,49758.921875,48921.156
2021-12-12 16:45:00,49862.390625,48922.35
2021-12-12 17:00:00,50138.18359375,48935.45
2021-12-12 17:15:00,50100.3515625,48974.56
2021-12-12 17:30:00,50013.00390625,49011.453
2021-12-12 17:45:00,50274.6484375,49034.066
2021-12-12 18:00:00,50604.3203125,49071.65
2021-12-12 18:15:00,50509.1328125,49135.875
2021-12-12 18:30:00,50524.30859375,49188.26
2021-12-12 18:45:00,50471.0546875,49229.777
2021-12-12 19:00:00,50496.109375,49255.516
2021-12-12 19:15:00,50315.03515625,49273.844
2021-12-12 19:30:00,50270.7890625,49270.1
2021-12-12 19:45:00,50232.15625,49256.363
2021-12-12 20:00:00,50355.69140625,49238.047
2021-12-12 20:15:00,50450.60546875,49232.29
2021-12-12 20:30:00,50430.68359375,49239.5
2021-12-12 20:45:00,50261.89453125,49247.77
2021-12-12 21:00:00,50286.76953125,49240.234
2021-12-12 21:15:00,50227.7109375,49231.67
2021-12-12 21:30:00,50067.23046875,49218.64
2021-12-12 21:45:00,49964.09375,49192.344
2021-12-12 22:00:00,50057.80859375,49157.61
2021-12-12 22:15:00,50011.32421875,49134.508
2021-12-12 22:30:00,50121.74609375,49114.61
2021-12-12 22:45:00,50208.34375,49109.367
2021-12-12 23:00:00,50284.71875,49117.227
2021-12-12 23:15:00,50222.81640625,49134.78
2021-12-12 23:30:00,50049.79296875,49146.94
2021-12-12 23:45:00,50088.30859375,49140.27
2021-12-13 00:00:00,50173.03515625,49132.53
2021-12-13 00:15:00,49941.65625,49132.86
2021-12-13 00:30:00,49887.2890625,49114.99
2021-12-13 00:45:00,49674.2421875,49090.41
2021-12-13 01:00:00,49322.33203125,49049.49
2021-12-13 01:15:00,48981.53515625,48981.246
2021-12-13 01:30:00,49020.9296875,48887.47
2021-12-13 01:45:00,48874.125,48803.895
2021-12-13 02:00:00,48898.17578125,48724.645
2021-12-13 02:15:00,48815.28515625,48662.254
2021-12-13 02:30:00,48732.5625,48608.934
2021-12-13 02:45:00,48867.921875,48561.05
2021-12-13 03:00:00,48879.86328125,48534.41
2021-12-13 03:15:00,48902.640625,48520.24
2021-12-13 03:30:00,49044.41015625,48514.953
2021-12-13 03:45:00,48975.859375,48525.805
2021-12-13 04:00:00,48931.203125,48534.406
2021-12-13 04:15:00,49020.86328125,48537.64
2021-12-13 04:30:00,49077.64453125,48546.062
2021-12-13 04:45:00,49129.3203125,48559.47
2021-12-13 05:00:00,49088.859375,48576.76
2021-12-13 05:15:00,48959.74609375,48588.984
2021-12-13 05:30:00,49031.3203125,48586.953
2021-12-13 05:45:00,49244.84375,48586.54
2021-12-13 06:00:00,49237.54296875,48604.64
2021-12-13 06:15:00,49064.53515625,48624.773
2021-12-13 06:30:00,49074.13671875,48627.934
2021-12-13 06:45:00,48959.58203125,48626.05
2021-12-13 07:00:00,48785.6953125,48612.94
2021-12-13 07:15:00,48849.7421875,48583.895
2021-12-13 07:30:00,48680.578125,48559.59
2021-12-13 07:45:00,48779.68359375,48526.406
2021-12-13 08:00:00,48981.73046875,48504.203
2021-12-13 08:15:00,48913.40625,48505.883
2021-12-13 08:30:00,49124.64453125,48509.434
2021-12-13 08:45:00,49135.06640625,48531.66
2021-12-13 09:00:00,48977.60546875,48556.906
2021-12-13 09:15:00,48867.73828125,48566.004
2021-12-13 09:30:00,48869.640625,48559.438
2021-12-13 09:45:00,48902.3359375,48548.723
2021-12-13 10:00:00,48827.0,48540.76
2021-12-13 10:15:00,48734.453125,48528.637
2021-12-13 10:30:00,48743.12109375,48509.594
2021-12-13 10:45:00,48717.77734375,48492.105
2021-12-13 11:00:00,48766.62109375,48475.74
2021-12-13 11:15:00,48818.44140625,48466.547
2021-12-13 11:30:00,48885.953125,48465.523
2021-12-13 11:45:00,48894.7734375,48473.105
2021-12-13 12:00:00,49011.41015625,48483.145
2021-12-13 12:15:00,48963.765625,48502.39
2021-12-13 12:30:00,48728.234375,48517.336
2021-12-13 12:45:00,48628.62109375,48509.125
2021-12-13 13:00:00,48500.8515625,48486.5
2021-12-13 13:15:00,48498.96484375,48451.82
2021-12-13 13:30:00,48573.8515625,48418.44
2021-12-13 13:45:00,48522.3203125,48396.887
2021-12-13 14:00:00,48234.94140625,48378.48
2021-12-13 14:15:00,47989.25,48340.625
2021-12-13 14:30:00,47905.3046875,48283.598
2021-12-13 14:45:00,47996.99609375,48222.363
2021-12-13 15:00:00,47786.265625,48175.74
2021-12-13 15:15:00,47457.04296875,48125.133
2021-12-13 15:30:00,47614.02734375,48059.113
2021-12-13 15:45:00,47230.7421875,48007.125
2021-12-13 16:00:00,47362.40625,47942.105
2021-12-13 16:15:00,47199.1484375,47890.2
2021-12-13 16:30:00,47173.7421875,47839.453
2021-12-13 16:45:00,47073.23046875,47794.848
2021-12-13 17:00:00,47767.9140625,47752.24
2021-12-13 17:15:00,47535.3359375,47769.277
2021-12-13 17:30:00,47441.6640625,47785.2
2021-12-13 17:45:00,47520.38671875,47792.31
2021-12-13 18:00:00,47640.1953125,47801.37
2021-12-13 18:15:00,47496.37109375,47819.28
2021-12-13 18:30:00,47368.78125,47826.055
2021-12-13 18:45:00,47392.9453125,47818.688
2021-12-13 19:00:00,47309.46875,47808.883
2021-12-13 19:15:00,46467.94140625,47793.43
2021-12-13 19:30:00,45997.4765625,47730.21
2021-12-13 19:45:00,46837.92578125,47637.105
2021-12-13 20:00:00,46918.234375,47582.97
2021-12-13 20:15:00,46708.0703125,47554.51
2021-12-13 20:30:00,46580.859375,47526.914
2021-12-13 20:45:00,46660.1328125,47494.11
2021-12-13 21:00:00,46403.3828125,47466.89
2021-12-13 21:15:00,46489.5703125,47424.25
2021-12-13 21:30:00,46540.23828125,47383.086
2021-12-13 21:45:00,46943.52734375,47349.03
2021-12-13 22:00:00,47097.91796875,47356.594
2021-12-13 22:15:00,47128.91015625,47394.81
2021-12-13 22:30:00,47004.91015625,47444.13
2021-12-13 22:45:00,46984.77734375,47481.55
2021-12-13 23:00:00,47007.1328125,47508.07
2021-12-13 23:15:00,46898.08203125,47528.703
2021-12-13 23:30:00,46752.77734375,47536.977
2021-12-13 23:45:00,46700.6484375,47529.824
2021-12-14 00:00:00,46618.0390625,47514.17
2021-12-14 00:15:00,46843.4375,47490.176
2021-12-14 00:30:00,47164.27734375,47479.703
2021-12-14 00:45:00,47133.72265625,47502.39
2021-12-14 01:00:00,47038.19921875,47531.55
2021-12-14 01:15:00,46952.1484375,47551.965
2021-12-14 01:30:00,46719.53125,47560.906
2021-12-14 01:45:00,46968.84375,47549.81
2021-12-14 02:00:00,47021.8046875,47547.72
2021-12-14 02:15:00,46786.60546875,47552.883
2021-12-14 02:30:00,46985.55859375,47544.504
2021-12-14 02:45:00,47005.2109375,47545.266
2021-12-14 03:00:00,47028.64453125,47550.727
2021-12-14 03:15:00,47009.90234375,47558.85
2021-12-14 03:30:00,46897.46875,47565.637
2021-12-14 03:45:00,46967.98828125,47563.836
2021-12-14 04:00:00,47129.17578125,47563.62
2021-12-14 04:15:00,47098.8984375,47575.273
2021-12-14 04:30:00,47061.53125,47587.113
2021-12-14 04:45:00,47012.26171875,47594.863
2021-12-14 05:00:00,46878.87109375,47596.875
2021-12-14 05:15:00,47048.1796875,47587.832
2021-12-14 05:30:00,47013.7890625,47586.805
2021-12-14 05:45:00,46746.89453125,47586.316
2021-12-14 06:00:00,46842.71484375,47569.965
2021-12-14 06:15:00,46624.48046875,47555.305
2021-12-14 06:30:00,46602.25,47529.504
2021-12-14 06:45:00,46747.453125,47498.64
2021-12-14 07:00:00,46633.22265625,47477.453
2021-12-14 07:15:00,46745.578125,47454.9
2021-12-14 07:30:00,46915.1171875,47441.426
2021-12-14 07:45:00,47053.1953125,47445.293
2021-12-14 08:00:00,47127.6640625,47468.32
2021-12-14 08:15:00,47193.2109375,47502.355
2021-12-14 08:30:00,47443.69921875,47540.676
2021-12-14 08:45:00,47501.76953125,47594.73
2021-12-14 09:00:00,47351.93359375,47650.625
2021-12-14 09:15:00,47366.1640625,47686.652
2021-12-14 09:30:00,47112.234375,47711.402
2021-12-14 09:45:00,46849.62109375,47710.484
2021-12-14 10:00:00,47003.41015625,47683.7
2021-12-14 10:15:00,47072.38671875,47659.9
2021-12-14 10:30:00,47162.6015625,47644.297
2021-12-14 10:45:00,47385.35546875,47640.223
2021-12-14 11:00:00,47318.984375,47658.375
2021-12-14 11:15:00,47330.828125,47676.363
2021-12-14 11:30:00,47422.86328125,47692.914
2021-12-14 11:45:00,47680.3046875,47713.594
2021-12-14 12:00:00,47786.64453125,47753.37
2021-12-14 12:15:00,47775.99609375,47802.098
2021-12-14 12:30:00,47637.37890625,47845.574
2021-12-14 12:45:00,47499.77734375,47869.168
2021-12-14 13:00:00,47623.82421875,47871.438
2021-12-14 13:15:00,47382.859375,47875.195
2021-12-14 13:30:00,47082.39453125,47860.465
2021-12-14 13:45:00,47208.6171875,47821.89
2021-12-14 14:00:00,47008.88671875,47787.527
2021-12-14 14:15:00,46979.54296875,47746.047
2021-12-14 14:30:00,47182.37109375,47705.87
2021-12-14 14:45:00,47345.3828125,47684.805
2021-12-14 15:00:00,47143.48046875,47686.074
2021-12-14 15:15:00,47431.703125,47680.69
2021-12-14 15:30:00,47277.33203125,47695.906
2021-12-14 15:45:00,46843.41796875,47703.773
2021-12-14 16:00:00,46990.29296875,47680.52
2021-12-14 16:15:00,46906.43359375,47657.758
2021-12-14 16:30:00,47070.49609375,47632.22
2021-12-14 16:45:00,46904.35546875,47619.7
2021-12-14 17:00:00,46872.25390625,47602.97
2021-12-14 17:15:00,47020.90625,47585.4
2021-12-14 17:30:00,46939.08203125,47579.07
2021-12-14 17:45:00,46777.23828125,47572.63
2021-12-14 18:00:00,46893.9921875,47557.34
2021-12-14 18:15:00,46851.9921875,47547.508
2021-12-14 18:30:00,46599.6328125,47538.016
2021-12-14 18:45:00,46612.6328125,47514.125
2021-12-14 19:00:00,46800.5234375,47486.234
2021-12-14 19:15:00,46990.6953125,47471.32
2021-12-14 19:30:00,46911.9921875,47477.617
2021-12-14 19:45:00,46941.42578125,47486.234
2021-12-14 20:00:00,47043.34765625,47497.55
2021-12-14 20:15:00,47146.97265625,47516.105
2021-12-14 20:30:00,47370.19140625,47543.21
2021-12-14 20:45:00,47360.50390625,47586.836
2021-12-14 21:00:00,47820.87109375,47628.75
2021-12-14 22:00:00,47392.58984375,47701.406
2021-12-14 22:15:00,47392.58984375,47738.43
2021-12-14 22:30:00,47392.58984375,47757.99
2021-12-14 22:45:00,47392.58984375,47767.754
2021-12-14 23:00:00,48322.40625,47772.234
2021-12-14 23:15:00,48238.14453125,47850.473
2021-12-14 23:30:00,48305.6953125,47933.09
2021-12-14 23:45:00,48412.5078125,48010.98
2021-12-15 00:00:00,48377.68359375,48083.66
2021-12-15 00:15:00,48490.4921875,48139.61
2021-12-15 00:30:00,48296.93359375,48190.043
2021-12-15 00:45:00,48164.609375,48213.805
2021-12-15 01:00:00,48117.90625,48213.727
2021-12-15 01:15:00,48171.03515625,48201.41
2021-12-15 01:30:00,48050.5546875,48190.74
2021-12-15 01:45:00,48105.484375,48172.16
2021-12-15 02:00:00,47964.734375,48158.39
2021-12-15 02:15:00,47953.33203125,48136.78
2021-12-15 02:30:00,47940.38671875,48115.184
2021-12-15 02:45:00,48012.09765625,48095.824
2021-12-15 03:00:00,48000.046875,48086.152
2021-12-15 03:15:00,48130.26953125,48080.363
2021-12-15 03:30:00,48157.0546875,48087.633
2021-12-15 03:45:00,48278.1640625,48100.4
2021-12-15 04:00:00,48146.609375,48123.285
2021-12-15 04:15:00,48349.9140625,48135.035
2021-12-15 04:30:00,48282.58203125,48158.32
2021-12-15 04:45:00,48287.515625,48175.734
2021-12-15 05:00:00,48404.9296875,48189.02
2021-12-15 05:30:00,48333.62109375,48208.375
2021-12-15 05:45:00,48141.25,48220.5
2021-12-15 06:00:00,48136.13671875,48212.42
2021-12-15 06:15:00,48271.59375,48198.465
2021-12-15 06:30:00,48126.6640625,48195.566
2021-12-15 06:45:00,48097.390625,48184.62
2021-12-15 07:00:00,48025.94921875,48170.73
2021-12-15 07:15:00,48258.11328125,48152.11
2021-12-15 07:30:00,48233.33984375,48153.754
2021-12-15 07:45:00,48264.46484375,48159.863
2021-12-15 08:00:00,48304.37109375,48169.49
2021-12-15 08:15:00,48464.453125,48182.133
2021-12-15 08:30:00,48651.4609375,48207.074
2021-12-15 08:45:00,48552.62890625,48247.637
2021-12-15 09:00:00,48521.90625,48278.582
2021-12-15 09:15:00,48468.265625,48299.098
2021-12-15 09:30:00,48438.63671875,48308.145
2021-12-15 09:45:00,48496.1875,48309.23
2021-12-15 10:00:00,48538.703125,48312.008
2021-12-15 10:15:00,48399.26171875,48318.18
2021-12-15 10:30:00,48288.140625,48312.88
2021-12-15 10:45:00,48280.88671875,48295.562
2021-12-15 11:00:00,48298.59375,48276.29
2021-12-15 11:15:00,48099.51953125,48260.703
2021-12-15 11:30:00,48234.921875,48232.316
2021-12-15 11:45:00,48161.703125,48215.7
2021-12-15 12:00:00,48268.3359375,48199.305
2021-12-15 12:30:00,47953.59765625,48194.793
2021-12-15 12:45:00,47670.640625,48169.35
2021-12-15 13:00:00,47702.7734375,48120.984
2021-12-15 13:15:00,47614.85546875,48073.03
2021-12-15 13:30:00,47792.4296875,48025.547
2021-12-15 13:45:00,47639.65625,47999.066
2021-12-15 14:00:00,47751.48046875,47972.05
2021-12-15 14:15:00,47749.59375,47958.277
2021-12-15 14:30:00,47379.6484375,47951.09
2021-12-15 14:45:00,47357.35546875,47921.01
2021-12-15 15:00:00,47068.60546875,47885.586
2021-12-15 15:15:00,46991.09375,47834.25
2021-12-15 15:30:00,47012.125,47779.098
2021-12-15 15:45:00,46707.921875,47730.96
2021-12-15 16:00:00,46901.45703125,47674.89
2021-12-15 16:15:00,47020.515625,47633.797
2021-12-15 16:30:00,46779.8125,47610.715
2021-12-15 16:45:00,46976.48828125,47583.703
2021-12-15 17:00:00,46976.203125,47570.742
2021-12-15 17:15:00,46992.6171875,47565.047
2021-12-15 17:30:00,47236.55859375,47564.246
2021-12-15 17:45:00,47170.45703125,47583.527
2021-12-15 18:00:00,47182.8515625,47602.027
2021-12-15 18:15:00,47306.96484375,47618.81
2021-12-15 18:30:00,47650.3828125,47641.957
2021-12-15 18:45:00,47773.12890625,47691.6
2021-12-15 19:00:00,49091.85546875,47752.605
2021-12-15 19:15:00,47888.53515625,47920.926
2021-12-15 19:30:00,48691.84765625,47994.254
2021-12-15 19:45:00,48717.75390625,48094.215
2021-12-15 20:00:00,48975.70703125,48186.027
2021-12-15 20:15:00,48967.0234375,48282.5
2021-12-15 20:30:00,49326.421875,48362.867
2021-12-15 20:45:00,49260.76171875,48455.598
2021-12-15 21:00:00,49114.37890625,48529.95
2021-12-15 21:15:00,49088.8671875,48573.246
2021-12-15 21:30:00,49010.3671875,48596.746
2021-12-15 21:45:00,49125.453125,48602.59
2021-12-15 22:00:00,49053.83984375,48610.74
2021-12-15 22:15:00,48889.875,48611.742
2021-12-15 22:30:00,48873.7265625,48596.664
2021-12-15 22:45:00,48722.75,48577.367
2021-12-15 23:00:00,48951.5859375,48546.945
2021-12-15 23:15:00,48849.38671875,48536.81
2021-12-15 23:30:00,48816.28515625,48526.05
2021-12-15 23:45:00,48923.3359375,48514.63
2021-12-16 00:00:00,48969.31640625,48513.766
2021-12-16 00:15:00,49092.38671875,48520.223
2021-12-16 00:30:00,49151.63671875,48538.734
2021-12-16 00:45:00,49108.94921875,48563.176
2021-12-16 01:00:00,48973.40234375,48581.86
2021-12-16 01:15:00,48938.07421875,48584.47
2021-12-16 01:30:00,48856.890625,48578.45
2021-12-16 01:45:00,49035.2421875,48563.523
2021-12-16 02:00:00,49011.00390625,48562.78
2021-12-16 02:15:00,49018.375,48564.438
2021-12-16 02:30:00,49025.48828125,48567.547
2021-12-16 02:45:00,49073.75,48571.26
2021-12-16 03:00:00,49016.62890625,48578.594
2021-12-16 03:15:00,48873.32421875,48581.13
2021-12-16 03:30:00,48839.25,48569.926
2021-12-16 03:45:00,48889.0859375,48553.25
2021-12-16 04:00:00,48804.43359375,48541.367
2021-12-16 04:15:00,48725.69140625,48525.83
2021-12-16 04:30:00,48796.32421875,48505.285
2021-12-16 04:45:00,48757.98046875,48492.32
2021-12-16 05:00:00,48783.58203125,48480.645
2021-12-16 05:15:00,48750.91015625,48473.645
2021-12-16 05:30:00,48767.23046875,48466.656
2021-12-16 05:45:00,48547.96484375,48462.32
2021-12-16 06:00:00,48648.6953125,48441.402
2021-12-16 06:15:00,48780.89453125,48427.035
2021-12-16 06:30:00,48810.94140625,48427.734
2021-12-16 06:45:00,48954.75390625,48435.84
2021-12-16 07:00:00,48972.3515625,48457.52
2021-12-16 07:15:00,49052.28515625,48481.5
2021-12-16 07:30:00,48982.171875,48509.387
2021-12-16 07:45:00,48808.06640625,48527.875
2021-12-16 08:00:00,48765.63671875,48525.938
2021-12-16 08:15:00,48766.7265625,48514.027
2021-12-16 08:30:00,48827.921875,48500.445
2021-12-16 08:45:00,48815.796875,48493.375
2021-12-16 09:00:00,48764.75,48488.5
2021-12-16 09:15:00,48883.22265625,48481.066
2021-12-16 09:30:00,48949.15625,48483.934
2021-12-16 09:45:00,48967.69921875,48495.043
2021-12-16 10:00:00,49206.20703125,48508.75
2021-12-16 10:15:00,49157.875,48541.773
2021-12-16 10:30:00,49119.41015625,48571.01
2021-12-16 10:45:00,49190.96875,48591.17
2021-12-16 11:00:00,48985.8203125,48611.15
2021-12-16 11:15:00,49111.05078125,48610.223
2021-12-16 11:30:00,49394.92578125,48613.164
2021-12-16 11:45:00,49191.50390625,48640.836
2021-12-16 12:00:00,49144.17578125,48653.86
2021-12-16 12:15:00,49104.33984375,48656.773
2021-12-16 12:30:00,48826.41796875,48652.324
2021-12-16 12:45:00,48770.62109375,48622.97
2021-12-16 13:00:00,48641.58203125,48585.75
2021-12-16 13:15:00,48792.68359375,48540.848
2021-12-16 13:30:00,48803.48828125,48513.207
2021-12-16 13:45:00,49012.04296875,48496.39
2021-12-16 14:00:00,48719.46484375,48503.844
2021-12-16 14:15:00,48749.64453125,48493.633
2021-12-16 14:30:00,48603.98046875,48482.605
2021-12-16 14:45:00,48605.109375,48460.668
2021-12-16 15:00:00,48412.29296875,48438.94
2021-12-16 15:15:00,48632.22265625,48404.65
2021-12-16 15:30:00,48608.91796875,48390.195
2021-12-16 15:45:00,48672.96875,48382.344
2021-12-16 16:00:00,48519.30859375,48383.746
2021-12-16 16:15:00,48427.83984375,48375.37
2021-12-16 16:30:00,48412.16015625,48357.895
2021-12-16 16:45:00,48519.4296875,48338.844
2021-12-16 17:00:00,48341.50390625,48331.105
2021-12-16 17:15:00,48243.41796875,48313.543
2021-12-16 17:30:00,48141.828125,48287.844
2021-12-16 17:45:00,48226.22265625,48255.082
2021-12-16 18:00:00,48335.8671875,48232.203
2021-12-16 18:15:00,48252.48046875,48225.266
2021-12-16 18:30:00,47994.8984375,48218.023
2021-12-16 18:45:00,48039.02734375,48191.242
2021-12-16 19:00:00,48037.546875,48165.953
2021-12-16 19:15:00,47876.32421875,48144.695
2021-12-16 19:30:00,47901.921875,48115.426
2021-12-16 19:45:00,47822.42578125,48090.133
2021-12-16 20:00:00,47939.0703125,48063.812
2021-12-16 20:15:00,48287.21484375,48050.797
2021-12-16 20:30:00,48222.05859375,48072.73
2021-12-16 20:45:00,48041.1328125,48097.992
2021-12-16 21:00:00,48143.1015625,48106.156
2021-12-16 21:15:00,48148.5625,48115.81
2021-12-16 21:30:00,48081.31640625,48124.473
2021-12-16 21:45:00,48145.46484375,48125.973
2021-12-16 22:00:00,47789.7265625,48130.035
2021-12-16 22:15:00,47805.625,48105.96
2021-12-16 22:30:00,47948.86328125,48077.223
2021-12-16 22:45:00,47899.72265625,48062.246
2021-12-16 23:00:00,47690.05078125,48050.176
2021-12-16 23:15:00,47718.890625,48024.906
2021-12-16 23:30:00,47556.109375,48001.324
2021-12-16 23:45:00,47616.02734375,47969.496
2021-12-17 00:00:00,47840.44921875,47944.117
2021-12-17 00:15:00,47777.1171875,47942.67
2021-12-17 00:30:00,47894.64453125,47944.574
2021-12-17 00:45:00,47807.94140625,47957.438
2021-12-17 01:00:00,47906.76953125,47965.004
2021-12-17 01:15:00,47869.40625,47977.875
2021-12-17 01:30:00,47752.55078125,47987.348
2021-12-17 01:45:00,47845.08203125,47984.785
2021-12-17 02:00:00,47719.1328125,47986.02
2021-12-17 02:15:00,47755.33203125,47977.953
2021-12-17 02:30:00,47705.8984375,47970.93
2021-12-17 02:45:00,47815.6875,47961.234
2021-12-17 03:00:00,47724.15625,47961.062
2021-12-17 03:15:00,47772.02734375,47956.637
2021-12-17 03:30:00,47807.23046875,47955.582
2021-12-17 03:45:00,47799.75,47958.625
2021-12-17 04:00:00,47896.39453125,47962.035
2021-12-17 04:15:00,47857.45703125,47972.98
2021-12-17 04:30:00,47916.8203125,47981.56
2021-12-17 04:45:00,47908.65625,47992.96
2021-12-17 05:00:00,47886.9375,48002.766
2021-12-17 05:15:00,47893.1015625,48008.74
2021-12-17 05:30:00,47726.81640625,48012.93
2021-12-17 05:45:00,47744.5078125,48002.48
2021-12-17 06:00:00,47576.34375,47989.94
2021-12-17 06:15:00,47567.53515625,47965.555
2021-12-17 06:30:00,47599.94140625,47940.008
2021-12-17 06:45:00,47468.4375,47920.207
2021-12-17 07:00:00,47071.2578125,47895.53
2021-12-17 07:15:00,47034.9609375,47847.305
2021-12-17 07:30:00,46906.5078125,47794.477
2021-12-17 07:45:00,47041.56640625,47738.82
2021-12-17 08:00:00,47037.58984375,47697.863
2021-12-17 08:15:00,46963.65625,47667.66
2021-12-17 08:30:00,47102.8984375,47641.152
2021-12-17 08:45:00,47141.80859375,47628.918
2021-12-17 09:00:00,46990.06640625,47626.504
2021-12-17 09:15:00,47276.4296875,47618.297
2021-12-17 09:30:00,47206.30859375,47629.812
2021-12-17 09:45:00,47217.18359375,47641.04
2021-12-17 10:00:00,47167.41015625,47651.715
2021-12-17 10:15:00,46912.90625,47656.99
2021-12-17 10:30:00,47064.90625,47643.06
2021-12-17 10:45:00,46964.546875,47633.633
2021-12-17 11:00:00,47189.640625,47620.29
2021-12-17 11:15:00,47264.26171875,47623.05
2021-12-17 11:30:00,47193.11328125,47636.68
2021-12-17 11:45:00,47150.203125,47646.93
2021-12-17 12:00:00,47064.2578125,47651.617
2021-12-17 12:15:00,47315.17578125,47647.94
2021-12-17 12:30:00,47170.59375,47659.83
2021-12-17 12:45:00,47128.5859375,47664.33
2021-12-17 13:00:00,47063.16796875,47663.0
2021-12-17 13:15:00,47174.8359375,47655.35
2021-12-17 13:30:00,47207.5859375,47653.883
2021-12-17 13:45:00,46989.2109375,47657.105
2021-12-17 14:00:00,46765.0078125,47647.05
2021-12-17 14:15:00,46795.88671875,47620.09
2021-12-17 14:30:00,46074.08203125,47592.082
2021-12-17 14:45:00,45952.53125,47524.285
2021-12-17 15:00:00,45769.86328125,47427.227
2021-12-17 15:15:00,45956.30859375,47305.145
2021-12-17 15:30:00,46405.94140625,47188.23
2021-12-17 15:45:00,46515.44140625,47117.145
2021-12-17 16:00:00,46791.74609375,47084.29
2021-12-17 16:15:00,47205.4609375,47099.56
2021-12-17 16:30:00,46993.80078125,47181.285
2021-12-17 16:45:00,47062.97265625,47260.11
2021-12-17 17:00:00,46974.39453125,47335.746
2021-12-17 17:15:00,46826.1640625,47394.242
2021-12-17 17:30:00,46761.1171875,47428.168
2021-12-17 17:45:00,46749.8984375,47443.316
2021-12-17 18:00:00,46720.41015625,47447.793
2021-12-17 18:15:00,46720.0625,47445.363
2021-12-17 18:30:00,46676.3203125,47439.984
2021-12-17 18:45:00,47029.953125,47430.9
2021-12-17 19:00:00,47035.390625,47447.883
2021-12-17 19:15:00,46886.8515625,47474.13
2021-12-17 19:30:00,46777.125,47489.85
2021-12-17 19:45:00,46763.59375,47491.543
2021-12-17 20:00:00,46756.703125,47486.555
2021-12-17 20:15:00,46440.40625,47478.496
2021-12-17 20:30:00,46367.89453125,47449.008
2021-12-17 20:45:00,46367.8515625,47404.305
2021-12-17 21:00:00,46368.0546875,47353.746
2021-12-17 21:15:00,46547.55859375,47303.11
2021-12-17 21:30:00,46926.72265625,47270.145
2021-12-17 21:45:00,46930.7578125,47283.703
2021-12-17 22:00:00,46220.2109375,47317.4
2021-12-17 22:15:00,46351.828125,47303.363
2021-12-17 22:30:00,46065.17578125,47275.99
2021-12-17 22:45:00,46521.70703125,47221.938
2021-12-17 23:00:00,46421.87890625,47191.797
2021-12-17 23:15:00,46300.2109375,47167.527
2021-12-17 23:30:00,46451.4453125,47138.824
2021-12-17 23:45:00,46286.140625,47122.13
2021-12-18 00:00:00,45945.0234375,47099.55
2021-12-18 00:15:00,45860.8828125,47048.75
2021-12-18 00:30:00,46193.73046875,46977.258
2021-12-18 00:45:00,46361.46875,46924.992
2021-12-18 01:00:00,45959.875,46901.62
2021-12-18 01:15:00,45778.78515625,46860.016
2021-12-18 01:30:00,45895.5,46796.297
2021-12-18 01:45:00,45738.46875,46732.52
2021-12-18 02:00:00,45876.56640625,46658.617
2021-12-18 02:15:00,45890.71875,46594.168
2021-12-18 02:30:00,45939.27734375,46539.74
2021-12-18 02:45:00,45697.91796875,46499.01
2021-12-18 03:00:00,45953.71484375,46447.344
2021-12-18 03:15:00,46044.9375,46416.062
2021-12-18 03:30:00,46322.62109375,46406.79
2021-12-18 03:45:00,46354.7578125,46438.027
2021-12-18 04:00:00,46206.72265625,46494.7
2021-12-18 04:15:00,46298.875,46547.996
2021-12-18 04:30:00,46360.171875,46605.71
2021-12-18 04:45:00,46485.36328125,46668.074
2021-12-18 05:00:00,46534.5625,46740.895
2021-12-18 05:15:00,46709.5078125,46817.516
2021-12-18 05:30:00,46794.484375,46905.82
2021-12-18 05:45:00,46690.7265625,47000.074
2021-12-18 06:00:00,46620.8671875,47079.42
2021-12-18 06:15:00,46490.140625,47139.434
2021-12-18 06:30:00,46404.609375,47173.402
2021-12-18 06:45:00,46352.07421875,47184.36
2021-12-18 07:00:00,46444.89453125,47178.195
2021-12-18 07:15:00,46486.2265625,47170.42
2021-12-18 07:30:00,46387.3828125,47165.25
2021-12-18 07:45:00,46379.50390625,47153.844
2021-12-18 08:00:00,46618.70703125,47139.465
2021-12-18 08:15:00,46568.7578125,47143.992
2021-12-18 08:30:00,46395.44140625,47153.617
2021-12-18 08:45:00,46349.1796875,47151.723
2021-12-18 09:00:00,46530.234375,47140.395
2021-12-18 09:15:00,46562.3125,47139.25
2021-12-18 09:30:00,46684.46875,47145.85
2021-12-18 09:45:00,46856.0703125,47166.566
2021-12-18 10:00:00,46790.27734375,47209.777
2021-12-18 10:15:00,46867.36328125,47253.02
2021-12-18 10:30:00,46997.03515625,47297.89
2021-12-18 10:45:00,47210.25,47349.324
2021-12-18 11:00:00,47184.94140625,47417.055
2021-12-18 11:15:00,47128.8359375,47478.793
2021-12-18 11:30:00,47237.50390625,47525.25
2021-12-18 11:45:00,47110.94140625,47567.55
2021-12-18 12:00:00,47081.88671875,47592.68
2021-12-18 12:15:00,46999.74609375,47606.184
2021-12-18 12:30:00,46976.03125,47608.004
2021-12-18 12:45:00,47033.80078125,47603.555
2021-12-18 13:00:00,47049.23828125,47600.906
2021-12-18 13:15:00,47042.94140625,47600.164
2021-12-18 13:30:00,46867.0859375,47599.875
2021-12-18 13:45:00,46661.8984375,47588.56
2021-12-18 14:00:00,46762.80078125,47563.668
2021-12-18 14:15:00,46837.625,47540.72
2021-12-18 14:30:00,46920.3359375,47525.51
2021-12-18 14:45:00,46973.50390625,47520.43
2021-12-18 15:00:00,47090.65234375,47523.867
2021-12-18 15:15:00,47096.46484375,47539.86
2021-12-18 15:30:00,47039.578125,47558.316
2021-12-18 15:45:00,46896.73046875,47571.086
2021-12-18 16:00:00,46946.48828125,47570.895
2021-12-18 16:15:00,46958.08203125,47569.04
2021-12-18 16:30:00,46835.76171875,47567.29
2021-12-18 16:45:00,46869.921875,47558.098
2021-12-18 17:00:00,46849.71484375,47549.18
2021-12-18 17:15:00,46755.76171875,47539.85
2021-12-18 17:30:00,46735.61328125,47525.277
2021-12-18 17:45:00,46690.02734375,47508.0
2021-12-18 18:00:00,46719.1953125,47488.01
2021-12-18 18:15:00,46805.62109375,47470.62
2021-12-18 18:30:00,46807.5703125,47462.043
2021-12-18 18:45:00,46773.57421875,47458.188
2021-12-18 19:00:00,46447.9453125,47454.434
2021-12-18 19:15:00,46558.9375,47428.77
2021-12-18 19:30:00,46587.9296875,47401.97
2021-12-18 19:45:00,46640.046875,47378.027
2021-12-18 20:00:00,46579.41796875,47361.37
2021-12-18 20:15:00,46736.87890625,47344.69
2021-12-18 20:30:00,46733.83984375,47342.66
2021-12-18 20:45:00,46872.21875,47347.914
2021-12-18 21:00:00,46875.18359375,47366.426
2021-12-18 21:15:00,46800.73046875,47389.09
2021-12-18 21:30:00,46954.81640625,47405.656
2021-12-18 21:45:00,46934.62109375,47430.05
2021-12-18 22:00:00,46980.3828125,47453.184
2021-12-18 22:15:00,46987.12109375,47477.164
2021-12-18 22:30:00,46855.76171875,47498.676
2021-12-18 22:45:00,46767.046875,47507.54
2021-12-18 23:00:00,46889.28125,47504.52
2021-12-18 23:15:00,46889.8359375,47505.113
2021-12-18 23:30:00,46975.33984375,47506.934
2021-12-18 23:45:00,46843.74609375,47515.15
2021-12-19 00:00:00,46835.3828125,47515.8
2021-12-19 00:15:00,46752.921875,47513.164
2021-12-19 00:30:00,46635.22265625,47503.37
2021-12-19 00:45:00,46716.609375,47483.945
2021-12-19 01:00:00,46834.40625,47467.14
2021-12-19 01:15:00,46544.71484375,47461.18
2021-12-19 01:30:00,46626.62890625,47441.363
2021-12-19 01:45:00,46629.67578125,47422.098
2021-12-19 02:00:00,46663.11328125,47404.086
2021-12-19 02:15:00,46782.31640625,47390.64
2021-12-19 02:30:00,46888.1953125,47389.934
2021-12-19 02:45:00,47163.08984375,47402.43
2021-12-19 03:00:00,47411.40625,47444.113
2021-12-19 03:15:00,47854.26171875,47512.926
2021-12-19 03:30:00,47823.77734375,47615.23
2021-12-19 03:45:00,47697.6953125,47710.973
2021-12-19 04:00:00,47826.625,47779.68
2021-12-19 04:15:00,47846.74609375,47838.7
2021-12-19 04:30:00,47973.35546875,47886.1
2021-12-19 04:45:00,47933.78515625,47932.07
2021-12-19 05:00:00,47840.62890625,47966.656
2021-12-19 05:15:00,47839.65234375,47984.168
2021-12-19 05:30:00,47726.99609375,47992.73
2021-12-19 05:45:00,47605.84765625,47987.387
2021-12-19 06:00:00,47572.82421875,47968.598
2021-12-19 06:15:00,47618.96484375,47945.223
2021-12-19 06:30:00,47536.4375,47927.07
2021-12-19 06:45:00,47457.52734375,47907.07
2021-12-19 07:00:00,47627.921875,47883.73
2021-12-19 07:15:00,47656.796875,47875.82
2021-12-19 07:30:00,47645.2890625,47876.703
2021-12-19 07:45:00,47555.1015625,47879.836
2021-12-19 08:00:00,47564.8125,47876.45
2021-12-19 08:15:00,47526.74609375,47872.137
2021-12-19 08:30:00,47528.5234375,47865.125
2021-12-19 08:45:00,47486.5859375,47858.38
2021-12-19 09:00:00,47318.60546875,47849.496
2021-12-19 09:15:00,47161.14453125,47829.324
2021-12-19 09:30:00,47152.5625,47797.67
2021-12-19 09:45:00,47151.62890625,47765.395
2021-12-19 10:00:00,47022.37109375,47737.016
2021-12-19 10:15:00,46997.46484375,47705.65
2021-12-19 10:30:00,47092.71875,47676.0
2021-12-19 10:45:00,47167.796875,47657.113
2021-12-19 11:00:00,47016.19921875,47650.023
2021-12-19 11:15:00,47038.23046875,47638.395
2021-12-19 11:30:00,47238.97265625,47628.383
2021-12-19 11:45:00,47217.3828125,47634.7
2021-12-19 12:00:00,47080.1328125,47644.176
2021-12-19 12:15:00,47115.55859375,47644.184
2021-12-19 12:30:00,47106.75,47643.06
2021-12-19 12:45:00,47282.671875,47640.91
2021-12-19 13:00:00,47404.1171875,47651.734
2021-12-19 13:15:00,47316.3671875,47675.02
2021-12-19 13:30:00,47054.33984375,47692.383
2021-12-19 13:45:00,47622.7734375,47687.39
2021-12-19 14:00:00,47535.875,47717.87
2021-12-19 14:15:00,47283.84765625,47748.11
2021-12-19 14:30:00,47510.69140625,47755.01
2021-12-19 14:45:00,47396.59375,47769.902
2021-12-19 15:00:00,47268.890625,47775.8
2021-12-19 15:15:00,47314.0234375,47768.63
2021-12-19 15:30:00,47256.14453125,47760.75
2021-12-19 15:45:00,47129.046875,47749.355
2021-12-19 16:00:00,47286.52734375,47729.996
2021-12-19 16:15:00,47377.1171875,47721.203
2021-12-19 16:30:00,47238.51953125,47724.19
2021-12-19 16:45:00,47189.609375,47720.68
2021-12-19 17:00:00,47205.02734375,47712.3
2021-12-19 17:15:00,47059.875,47704.223
2021-12-19 17:30:00,47133.609375,47687.855
2021-12-19 17:45:00,47126.8203125,47675.45
2021-12-19 18:00:00,46979.8515625,47665.58
2021-12-19 18:15:00,46998.51171875,47648.645
2021-12-19 18:30:00,47059.02734375,47632.703
2021-12-19 18:45:00,47094.87109375,47623.055
2021-12-19 19:00:00,47001.109375,47619.46
2021-12-19 19:15:00,46699.5234375,47612.63
2021-12-19 19:30:00,46766.765625,47587.957
2021-12-19 19:45:00,46697.98828125,47563.285
2021-12-19 20:00:00,46792.7421875,47536.45
2021-12-19 20:15:00,46769.828125,47516.766
2021-12-19 20:30:00,46801.75,47500.07
2021-12-19 20:45:00,46796.15234375,47488.68
2021-12-19 21:00:00,46808.84765625,47480.28
2021-12-19 21:15:00,46863.57421875,47474.96
2021-12-19 21:30:00,46884.94921875,47475.383
2021-12-19 21:45:00,46752.015625,47479.785
2021-12-19 22:00:00,47144.5625,47475.984
2021-12-19 22:15:00,47105.31640625,47500.55
2021-12-19 22:30:00,47029.078125,47528.37
2021-12-19 22:45:00,47407.52734375,47548.176
2021-12-19 23:00:00,47155.1171875,47591.723
2021-12-19 23:15:00,47012.640625,47616.855
2021-12-19 23:30:00,46918.3984375,47622.848
2021-12-19 23:45:00,46652.671875,47614.566
2021-12-20 00:00:00,46479.79296875,47587.074
2021-12-20 00:15:00,46535.578125,47545.35
2021-12-20 00:30:00,46668.34765625,47501.86
2021-12-20 00:45:00,46854.83984375,47469.344
2021-12-20 01:00:00,47172.265625,47457.6
2021-12-20 01:15:00,46807.296875,47483.223
2021-12-20 01:30:00,46619.59765625,47491.26
2021-12-20 01:45:00,46712.7890625,47480.023
2021-12-20 02:00:00,46586.9765625,47467.14
2021-12-20 02:15:00,46781.35546875,47446.645
2021-12-20 02:30:00,46803.4140625,47437.484
2021-12-20 02:45:00,46759.37109375,47435.4
2021-12-20 03:00:00,46819.34765625,47433.582
2021-12-20 03:15:00,46625.52734375,47436.445
2021-12-20 03:30:00,46632.19140625,47428.08
2021-12-20 03:45:00,46673.20703125,47416.082
2021-12-20 04:00:00,46870.7421875,47405.973
2021-12-20 04:15:00,46873.62890625,47411.508
2021-12-20 04:30:00,46867.875,47423.492
2021-12-20 04:45:00,46974.41796875,47436.94
2021-12-20 05:00:00,47027.55859375,47458.176
2021-12-20 05:15:00,46824.9140625,47484.688
2021-12-20 05:30:00,46617.3359375,47494.785
2021-12-20 05:45:00,46427.59765625,47483.85
2021-12-20 06:00:00,46467.0703125,47452.1
2021-12-20 06:15:00,46465.53125,47413.55
2021-12-20 06:30:00,46411.29296875,47373.17
2021-12-20 06:45:00,46563.46875,47330.01
2021-12-20 07:00:00,46373.5,47300.473
2021-12-20 07:15:00,46364.15625,47264.83
2021-12-20 07:30:00,46495.0390625,47228.12
2021-12-20 07:45:00,46512.35546875,47203.86
2021-12-20 08:00:00,46554.59375,47189.2
2021-12-20 08:15:00,46507.39453125,47184.28
2021-12-20 08:30:00,46319.890625,47181.22
2021-12-20 08:45:00,46310.578125,47164.54
2021-12-20 09:00:00,46030.89453125,47141.29
2021-12-20 09:15:00,46032.359375,47094.543
2021-12-20 09:30:00,45954.359375,47037.062
2021-12-20 09:45:00,45924.28515625,46968.824
2021-12-20 10:00:00,46109.35546875,46895.11
2021-12-20 10:15:00,45950.56640625,46837.93
2021-12-20 10:30:00,45946.01953125,46778.97
2021-12-20 10:45:00,45882.5078125,46722.23
2021-12-20 11:00:00,46066.07421875,46664.434
2021-12-20 11:15:00,46104.07421875,46626.31
2021-12-20 11:30:00,46059.640625,46605.246
2021-12-20 11:45:00,46117.71484375,46591.445
2021-12-20 12:00:00,46012.91796875,46588.516
2021-12-20 12:15:00,45780.58984375,46582.23
2021-12-20 12:30:00,45816.73046875,46554.125
2021-12-20 12:45:00,45736.20703125,46518.027
2021-12-20 13:00:00,45867.71484375,46472.113
2021-12-20 13:15:00,45927.515625,46434.55
2021-12-20 13:30:00,45893.72265625,46409.434
2021-12-20 13:45:00,45754.48046875,46389.91
2021-12-20 14:00:00,45601.17578125,46362.1
2021-12-20 14:15:00,45742.71875,46318.375
2021-12-20 14:30:00,45840.75,46279.93
2021-12-20 14:45:00,46219.59765625,46255.773
2021-12-20 15:00:00,46066.37109375,46278.223
2021-12-20 15:15:00,46169.62890625,46311.08
2021-12-20 15:30:00,46090.328125,46359.082
2021-12-20 15:45:00,45947.4296875,46405.02
2021-12-20 16:00:00,46079.28515625,46433.305
2021-12-20 16:15:00,46140.3359375,46462.562
2021-12-20 16:30:00,46215.9453125,46495.906
2021-12-20 16:45:00,46412.66796875,46536.78
2021-12-20 17:00:00,46384.59765625,46599.227
2021-12-20 17:15:00,46381.84375,46666.695
2021-12-20 17:30:00,46292.85546875,46732.605
2021-12-20 17:45:00,46192.5703125,46784.395
2021-12-20 18:00:00,46167.1796875,46814.99
2021-12-20 18:15:00,46203.04296875,46829.92
2021-12-20 18:30:00,46249.78515625,46837.883
2021-12-20 18:45:00,46304.25,46845.316
2021-12-20 19:00:00,46472.44921875,46856.875
2021-12-20 19:15:00,46484.33984375,46885.203
2021-12-20 19:30:00,46371.77734375,46921.344
2021-12-20 19:45:00,46607.3203125,46949.375
2021-12-20 20:00:00,46743.98828125,46991.0
2021-12-20 20:15:00,46790.77734375,47048.84
2021-12-20 20:30:00,46804.5546875,47114.484
2021-12-20 20:45:00,47062.08984375,47178.84
2021-12-20 21:00:00,47293.42578125,47257.715
2021-12-20 21:15:00,47271.14453125,47354.836
2021-12-20 21:30:00,47207.45703125,47443.62
2021-12-20 21:45:00,46985.8359375,47510.81
2021-12-20 22:00:00,47048.7890625,47545.188
2021-12-20 22:15:00,46815.0078125,47566.645
2021-12-20 22:30:00,46823.2109375,47565.082
2021-12-20 22:45:00,46847.1171875,47555.59
2021-12-20 23:00:00,46836.5546875,47545.336
2021-12-20 23:15:00,46961.5390625,47534.973
2021-12-20 23:30:00,47036.6875,47533.82
2021-12-20 23:45:00,46917.58203125,47542.285
2021-12-21 00:00:00,46949.59375,47545.188
2021-12-21 00:15:00,47071.08203125,47548.023
2021-12-21 00:30:00,46878.87890625,47558.66
2021-12-21 00:45:00,46820.8203125,47557.9
2021-12-21 01:00:00,46775.48046875,47549.34
2021-12-21 01:15:00,46753.24609375,47535.523
2021-12-21 01:30:00,46950.17578125,47519.266
2021-12-21 01:45:00,47019.15234375,47516.645
2021-12-21 02:00:00,46970.6796875,47525.043
2021-12-21 02:15:00,46960.328125,47533.46
2021-12-21 02:30:00,46961.90234375,47540.465
2021-12-21 02:45:00,46947.171875,47546.26
2021-12-21 03:00:00,47044.7890625,47549.895
2021-12-21 03:15:00,47311.76171875,47558.754
2021-12-21 03:30:00,47416.4609375,47588.797
2021-12-21 03:45:00,47976.9765625,47630.086
2021-12-21 04:00:00,48319.09765625,47715.117
2021-12-21 04:15:00,48707.9453125,47830.367
2021-12-21 04:30:00,48644.9765625,47971.41
2021-12-21 04:45:00,48571.25390625,48092.15
2021-12-21 05:00:00,48721.20703125,48180.113
2021-12-21 05:15:00,48601.1796875,48254.84
2021-12-21 05:30:00,48366.04296875,48301.965
2021-12-21 05:45:00,48613.0,48312.36
2021-12-21 06:00:00,48485.89453125,48328.816
2021-12-21 06:15:00,48435.37890625,48332.953
2021-12-21 06:30:00,48371.1015625,48328.227
2021-12-21 06:45:00,48614.515625,48315.68
2021-12-21 07:00:00,48514.5390625,48322.55
2021-12-21 07:15:00,48657.875,48326.047
2021-12-21 07:30:00,48472.546875,48340.184
2021-12-21 07:45:00,48590.32421875,48339.945
2021-12-21 08:00:00,48822.91796875,48345.082
2021-12-21 08:15:00,48912.15234375,48370.215
2021-12-21 08:30:00,48739.71875,48405.258
2021-12-21 08:45:00,48608.6640625,48423.56
2021-12-21 09:00:00,48572.85546875,48422.797
2021-12-21 09:15:00,48565.84375,48412.613
2021-12-21 09:30:00,48697.1328125,48399.99
2021-12-21 09:45:00,48618.1875,48399.277
2021-12-21 10:00:00,48681.0703125,48395.9
2021-12-21 10:15:00,48680.30859375,48397.715
2021-12-21 10:30:00,48674.87890625,48400.78
2021-12-21 10:45:00,48729.25390625,48403.414
2021-12-21 11:00:00,48721.65625,48410.016
2021-12-21 11:15:00,48754.484375,48416.16
2021-12-21 11:30:00,48762.1328125,48423.957
2021-12-21 11:45:00,48873.86328125,48431.613
2021-12-21 12:00:00,48871.9375,48447.266
2021-12-21 12:15:00,49118.38671875,48462.723
2021-12-21 12:30:00,49061.07421875,48496.832
2021-12-21 12:45:00,48795.3046875,48525.934
2021-12-21 13:00:00,48612.70703125,48526.844
2021-12-21 13:15:00,48833.515625,48503.344
2021-12-21 13:30:00,48878.3984375,48493.465
2021-12-21 13:45:00,48914.7890625,48492.668
2021-12-21 14:00:00,48861.08203125,48498.254
2021-12-21 14:15:00,48728.21875,48500.734
2021-12-21 14:30:00,48772.21484375,48490.95
2021-12-21 14:45:00,48629.23828125,48482.426
2021-12-21 15:00:00,48655.16015625,48463.547
2021-12-21 15:15:00,48534.41796875,48446.64
2021-12-21 15:30:00,48519.8515625,48422.895
2021-12-21 15:45:00,48452.66796875,48399.71
2021-12-21 16:00:00,48607.97265625,48374.805
2021-12-21 16:15:00,48525.36328125,48366.355
2021-12-21 16:30:00,48725.05859375,48357.76
2021-12-21 16:45:00,48711.9765625,48367.54
2021-12-21 17:00:00,48772.46484375,48380.605
2021-12-21 17:15:00,48722.10546875,48398.06
2021-12-21 17:30:00,48671.64453125,48409.97
2021-12-21 17:45:00,48666.65234375,48414.047
2021-12-21 18:00:00,48623.03125,48414.38
2021-12-21 18:15:00,48565.6953125,48409.63
2021-12-21 18:30:00,48573.37109375,48399.168
2021-12-21 18:45:00,48427.3359375,48389.09
2021-12-21 19:00:00,48526.765625,48368.55
2021-12-21 19:15:00,48520.390625,48356.254
2021-12-21 19:30:00,48406.2265625,48347.88
2021-12-21 19:45:00,48642.73046875,48332.9
2021-12-21 20:00:00,48659.08203125,48337.973
2021-12-21 20:15:00,48536.86328125,48349.94
2021-12-21 20:30:00,48508.69140625,48352.52
2021-12-21 20:45:00,48627.73046875,48349.48
2021-12-21 21:00:00,48591.42578125,48354.79
2021-12-21 21:15:00,48686.49609375,48358.773
2021-12-21 21:30:00,49037.12109375,48369.76
2021-12-21 21:45:00,49051.62890625,48411.125
2021-12-21 22:00:00,49040.82421875,48456.406
2021-12-21 22:15:00,49004.14453125,48494.934
2021-12-21 22:30:00,49119.51171875,48521.75
2021-12-21 22:45:00,49256.55859375,48550.02
2021-12-21 23:00:00,49130.62109375,48585.438
2021-12-21 23:15:00,49199.44921875,48606.08
2021-12-21 23:30:00,49034.7421875,48624.62
2021-12-21 23:45:00,48896.859375,48625.133
2021-12-22 00:00:00,48882.40625,48608.31
2021-12-22 00:15:00,48951.30078125,48587.06
2021-12-22 00:30:00,48870.42578125,48573.152
2021-12-22 00:45:00,48747.5625,48557.05
2021-12-22 01:00:00,48696.1015625,48532.91
2021-12-22 01:15:00,48849.16796875,48505.883
2021-12-22 01:30:00,48761.22265625,48494.89
2021-12-22 01:45:00,48824.265625,48483.51
2021-12-22 02:00:00,49008.3046875,48479.547
2021-12-22 02:15:00,49193.09375,48494.16
2021-12-22 02:30:00,49452.578125,48528.363
2021-12-22 02:45:00,49385.51953125,48585.832
2021-12-22 03:00:00,49271.29296875,48635.26
2021-12-22 03:15:00,49291.83984375,48664.316
2021-12-22 03:30:00,49301.65234375,48683.637
2021-12-22 03:45:00,49230.8984375,48696.91
2021-12-22 04:00:00,49263.50390625,48699.69
2021-12-22 04:15:00,49370.2265625,48701.277
2021-12-22 04:30:00,49313.50390625,48711.152
2021-12-22 04:45:00,49342.83984375,48716.887
2021-12-22 05:00:00,49244.1171875,48723.08
2021-12-22 05:15:00,49082.390625,48719.81
2021-12-22 05:30:00,49116.98828125,48700.695
2021-12-22 05:45:00,49003.46484375,48682.375
2021-12-22 06:00:00,49003.75,48657.523
2021-12-22 06:15:00,49044.45703125,48634.77
2021-12-22 06:30:00,49221.58203125,48619.68
2021-12-22 06:45:00,49087.58984375,48624.707
2021-12-22 07:00:00,49216.86328125,48623.96
2021-12-22 07:15:00,49234.16015625,48633.07
2021-12-22 07:30:00,49214.56640625,48645.06
2021-12-22 07:45:00,49239.81640625,48654.434
2021-12-22 08:00:00,49239.1953125,48663.668
2021-12-22 08:15:00,49327.55078125,48671.152
2021-12-22 08:30:00,49485.078125,48684.453
2021-12-22 08:45:00,49315.4375,48710.863
2021-12-22 09:00:00,49347.40234375,48722.156
2021-12-22 09:15:00,49208.0,48729.945
2021-12-22 09:30:00,49039.8359375,48723.16
2021-12-22 09:45:00,48963.015625,48698.875
2021-12-22 10:00:00,49098.69140625,48666.36
2021-12-22 10:15:00,49093.9296875,48647.41
2021-12-22 10:30:00,49046.87109375,48635.305
2021-12-22 10:45:00,49127.390625,48623.848
2021-12-22 11:00:00,49202.3671875,48621.414
2021-12-22 11:15:00,49094.98046875,48628.754
2021-12-22 11:30:00,49046.78515625,48629.043
2021-12-22 11:45:00,49038.86328125,48623.33
2021-12-22 12:00:00,49146.47265625,48615.844
2021-12-22 12:15:00,48843.546875,48617.93
2021-12-22 12:30:00,48749.59765625,48597.44
2021-12-22 12:45:00,48589.37890625,48565.656
2021-12-22 13:00:00,48713.890625,48521.7
2021-12-22 13:15:00,48534.85546875,48491.137
2021-12-22 13:30:00,48501.45703125,48454.8
2021-12-22 13:45:00,48581.90234375,48420.195
2021-12-22 14:00:00,48669.32421875,48398.43
2021-12-22 14:15:00,48762.94140625,48391.742
2021-12-22 14:30:00,48789.10546875,48399.176
2021-12-22 14:45:00,48834.109375,48412.535
2021-12-22 15:00:00,48765.03515625,48429.73
2021-12-22 15:15:00,48745.26171875,48439.758
2021-12-22 15:30:00,48822.88671875,48444.297
2021-12-22 15:45:00,48920.2109375,48452.59
2021-12-22 16:00:00,49111.41015625,48468.66
2021-12-22 16:15:00,48981.05859375,48501.1
2021-12-22 16:30:00,49003.16796875,48522.145
2021-12-22 16:45:00,48989.44921875,48538.28
2021-12-22 17:00:00,48956.03125,48548.74
2021-12-22 17:15:00,48899.03125,48552.723
2021-12-22 17:30:00,48771.84765625,48549.08
2021-12-22 17:45:00,48764.46875,48532.863
2021-12-22 18:00:00,48829.06640625,48514.492
2021-12-22 18:15:00,48841.84765625,48503.492
2021-12-22 18:30:00,48646.34375,48497.668
2021-12-22 18:45:00,48600.6328125,48478.445
2021-12-22 19:00:00,48731.765625,48454.457
2021-12-22 19:15:00,48766.9453125,48443.45
2021-12-22 19:30:00,48906.22265625,48441.246
2021-12-22 19:45:00,48840.0546875,48454.184
2021-12-22 20:00:00,48960.4375,48464.56
2021-12-22 20:15:00,48994.140625,48482.836
2021-12-22 20:30:00,48937.9140625,48503.35
2021-12-22 20:45:00,48934.56640625,48516.652
2021-12-22 21:00:00,48913.390625,48525.215
2021-12-22 21:15:00,49032.0390625,48528.887
2021-12-22 21:30:00,48974.0234375,48540.14
2021-12-22 21:45:00,49077.6953125,48546.934
2021-12-22 22:00:00,48959.86328125,48560.062
2021-12-22 22:15:00,48911.1953125,48563.008
2021-12-22 22:30:00,48896.9921875,48558.324
2021-12-22 22:45:00,49004.64453125,48550.54
2021-12-22 23:00:00,48766.54296875,48551.766
2021-12-22 23:15:00,48757.62890625,48535.836
2021-12-22 23:30:00,48633.46875,48516.547
2021-12-22 23:45:00,48615.375,48488.656
2021-12-23 00:00:00,48429.60546875,48461.027
2021-12-23 00:15:00,48259.16796875,48422.445
2021-12-23 00:30:00,48329.5703125,48372.59
2021-12-23 00:45:00,48263.59375,48332.85
2021-12-23 01:00:00,48343.47265625,48297.215
2021-12-23 01:15:00,48312.3828125,48275.66
2021-12-23 01:30:00,48369.08203125,48259.816
2021-12-23 01:45:00,48503.23828125,48253.535
2021-12-23 02:00:00,48637.16015625,48262.746
2021-12-23 02:15:00,48636.10546875,48286.902
2021-12-23 02:30:00,48643.1328125,48312.266
2021-12-23 02:45:00,48419.51953125,48334.797
2021-12-23 03:00:00,48324.4765625,48334.188
2021-12-23 03:15:00,48380.8984375,48318.23
2021-12-23 03:30:00,48435.046875,48304.023
2021-12-23 03:45:00,48573.7890625,48296.83
2021-12-23 04:00:00,48466.65234375,48304.645
2021-12-23 04:15:00,48515.12109375,48307.34
2021-12-23 04:30:00,48554.7734375,48312.312
2021-12-23 04:45:00,48400.265625,48320.39
2021-12-23 05:00:00,48509.6171875,48315.38
2021-12-23 05:15:00,48438.9609375,48316.086
2021-12-23 05:30:00,48316.87109375,48312.355
2021-12-23 05:45:00,48395.90234375,48297.8
2021-12-23 06:00:00,48436.765625,48288.57
2021-12-23 06:15:00,48451.65625,48285.72
2021-12-23 06:30:00,48354.515625,48286.773
2021-12-23 06:45:00,48384.76171875,48281.035
2021-12-23 07:00:00,48400.03515625,48276.637
2021-12-23 07:15:00,48430.046875,48274.516
2021-12-23 07:30:00,48271.5546875,48276.008
2021-12-23 07:45:00,48138.15234375,48265.35
2021-12-23 08:00:00,48265.56640625,48241.516
2021-12-23 08:15:00,48259.140625,48227.555
2021-12-23 08:30:00,48299.5390625,48218.28
2021-12-23 08:45:00,48334.53515625,48215.652
2021-12-23 09:00:00,48320.18359375,48218.668
2021-12-23 09:15:00,48302.74609375,48222.02
2021-12-23 09:30:00,48354.40625,48223.633
2021-12-23 09:45:00,48441.37890625,48228.723
2021-12-23 10:00:00,48296.140625,48241.305
2021-12-23 10:15:00,48350.61328125,48242.293
2021-12-23 10:30:00,48377.85546875,48244.03
2021-12-23 10:45:00,48461.81640625,48247.727
2021-12-23 11:00:00,48557.9453125,48258.426
2021-12-23 11:15:00,48405.59765625,48277.68
2021-12-23 11:30:00,48318.0703125,48284.055
2021-12-23 11:45:00,48390.89453125,48278.13
2021-12-23 12:00:00,48482.1640625,48274.895
2021-12-23 12:15:00,48454.41796875,48280.34
2021-12-23 12:30:00,48698.5859375,48285.457
2021-12-23 12:45:00,48658.28515625,48310.105
2021-12-23 13:00:00,48751.9765625,48333.67
2021-12-23 13:15:00,48781.66796875,48361.23
2021-12-23 13:30:00,48766.66796875,48387.953
2021-12-23 13:45:00,48665.0234375,48408.805
2021-12-23 14:00:00,48684.84375,48415.82
2021-12-23 14:15:00,48584.984375,48418.688
2021-12-23 14:30:00,48600.1015625,48411.08
2021-12-23 14:45:00,48584.69140625,48402.457
2021-12-23 15:00:00,48695.109375,48393.37
2021-12-23 15:15:00,48779.390625,48394.746
2021-12-23 15:30:00,48796.94921875,48406.246
2021-12-23 15:45:00,48845.703125,48420.82
2021-12-23 16:00:00,48926.796875,48438.27
2021-12-23 16:15:00,48780.92578125,48460.566
2021-12-23 16:30:00,48758.09375,48468.656
2021-12-23 16:45:00,49077.7109375,48469.055
2021-12-23 17:00:00,49150.9609375,48493.61
2021-12-23 17:15:00,49242.32421875,48527.676
2021-12-23 17:30:00,49808.8671875,48567.35
2021-12-23 17:45:00,50072.03515625,48651.418
2021-12-23 18:00:00,50398.74609375,48758.0
2021-12-23 18:15:00,50647.125,48882.863
2021-12-23 18:30:00,50579.71484375,49013.64
2021-12-23 18:45:00,50526.55078125,49117.02
2021-12-23 19:00:00,50640.984375,49189.023
2021-12-23 19:15:00,50819.46875,49248.152
2021-12-23 19:30:00,51018.71484375,49307.66
2021-12-23 19:45:00,51151.48046875,49373.66
2021-12-23 20:00:00,50986.07421875,49441.164
2021-12-23 20:15:00,50812.5703125,49482.1
2021-12-23 20:30:00,50895.98828125,49492.473
2021-12-23 20:45:00,50986.57421875,49498.664
2021-12-23 21:00:00,50791.97265625,49509.49
2021-12-23 21:15:00,50769.32421875,49502.137
2021-12-23 21:30:00,50817.59765625,49488.94
2021-12-23 21:45:00,50837.2734375,49480.125
2021-12-23 22:00:00,50750.22265625,49475.656
2021-12-23 22:15:00,50837.0,49465.605
2021-12-23 22:30:00,50837.4140625,49463.57
2021-12-23 22:45:00,50806.5625,49464.062
2021-12-23 23:00:00,50727.7109375,49462.676
2021-12-23 23:15:00,50622.890625,49454.074
2021-12-23 23:30:00,50607.3515625,49435.61
2021-12-23 23:45:00,50789.890625,49416.047
2021-12-24 00:00:00,50711.5,49415.598
2021-12-24 00:15:00,50819.1015625,49413.76
2021-12-24 00:30:00,50758.46875,49421.984
2021-12-24 00:45:00,50964.2734375,49426.223
2021-12-24 01:00:00,51169.45703125,49447.13
2021-12-24 01:15:00,51075.12109375,49487.145
2021-12-24 01:30:00,51277.515625,49517.445
2021-12-24 01:45:00,51364.046875,49557.98
2021-12-24 02:00:00,51339.234375,49601.395
2021-12-24 02:15:00,51310.54296875,49635.688
2021-12-24 02:30:00,51177.3359375,49658.605
2021-12-24 02:45:00,51063.64453125,49661.953
2021-12-24 03:00:00,51061.640625,49648.684
2021-12-24 03:15:00,51088.93359375,49632.316
2021-12-24 03:30:00,51088.0625,49619.91
2021-12-24 03:45:00,51069.890625,49610.67
2021-12-24 04:00:00,51109.51953125,49602.504
2021-12-24 04:15:00,51090.3984375,49599.74
2021-12-24 04:30:00,51117.10546875,49597.34
2021-12-24 04:45:00,51013.95703125,49598.02
2021-12-24 05:00:00,50990.0546875,49590.32
2021-12-24 05:15:00,50919.47265625,49579.62
2021-12-24 05:30:00,51010.53125,49563.52
2021-12-24 05:45:00,51041.1875,49556.797
2021-12-24 06:00:00,50911.00390625,49556.53
2021-12-24 06:15:00,51021.4765625,49546.895
2021-12-24 06:30:00,50987.1640625,49546.36
2021-12-24 06:45:00,50857.8359375,49545.215
2021-12-24 07:00:00,51027.4609375,49532.906
2021-12-24 07:15:00,51098.16796875,49534.7
2021-12-24 07:30:00,51013.1015625,49546.14
2021-12-24 07:45:00,51078.84375,49551.117
2021-12-24 08:00:00,51096.67578125,49559.5
2021-12-24 08:15:00,51238.453125,49568.715
2021-12-24 08:30:00,51150.61328125,49589.164
2021-12-24 08:45:00,51161.625,49601.277
2021-12-24 09:00:00,51176.125,49610.117
2021-12-24 09:15:00,51293.41796875,49617.445
2021-12-24 09:30:00,51235.484375,49633.29
2021-12-24 09:45:00,51259.35546875,49643.42
2021-12-24 10:00:00,51170.203125,49652.44
2021-12-24 10:15:00,51124.8046875,49651.406
2021-12-24 10:30:00,51173.48046875,49643.633
2021-12-24 10:45:00,51199.67578125,49639.375
2021-12-24 11:00:00,51293.421875,49638.984
2021-12-24 11:15:00,51307.7109375,49648.16
2021-12-24 11:30:00,51125.640625,49659.742
2021-12-24 11:45:00,51074.8984375,49654.008
2021-12-24 12:00:00,51036.1171875,49640.03
2021-12-24 12:15:00,51027.50390625,49622.305
2021-12-24 12:30:00,50986.07421875,49605.72
2021-12-24 12:45:00,51044.046875,49588.695
2021-12-24 13:00:00,50948.5078125,49579.832
2021-12-24 13:15:00,51071.16796875,49566.426
2021-12-24 13:30:00,51089.53515625,49565.324
2021-12-24 13:45:00,51048.921875,49569.438
2021-12-24 14:00:00,51227.7578125,49571.062
2021-12-24 14:15:00,51154.5,49587.746
2021-12-24 14:30:00,51174.32421875,49599.08
2021-12-24 14:45:00,50791.29296875,49609.04
2021-12-24 15:00:00,50665.421875,49582.68
2021-12-24 15:15:00,50852.01953125,49539.633
2021-12-24 15:30:00,50824.828125,49515.055
2021-12-24 15:45:00,50984.0546875,49497.28
2021-12-24 16:00:00,51211.37109375,49499.367
2021-12-24 16:15:00,51097.76953125,49527.2
2021-12-24 16:30:00,50924.34375,49547.844
2021-12-24 16:45:00,50994.1484375,49548.09
2021-12-24 17:00:00,50910.4609375,49548.496
2021-12-24 17:15:00,50791.73828125,49540.832
2021-12-24 17:30:00,50957.578125,49521.71
2021-12-24 17:45:00,51135.59765625,49517.25
2021-12-24 18:00:00,51140.51171875,49533.242
2021-12-24 18:15:00,51215.9453125,49553.027
2021-12-24 18:30:00,51390.53125,49577.617
2021-12-24 18:45:00,51604.26953125,49614.7
2021-12-24 19:00:00,51752.59765625,49667.63
2021-12-24 19:15:00,51423.92578125,49728.79
2021-12-24 19:30:00,51259.3515625,49752.21
2021-12-24 19:45:00,51140.3515625,49746.42
2021-12-24 20:00:00,51118.62890625,49721.77
2021-12-24 20:15:00,50935.6796875,49693.418
2021-12-24 20:30:00,51179.7109375,49652.348
2021-12-24 20:45:00,51146.94140625,49636.652
2021-12-24 21:00:00,51117.27734375,49627.7
2021-12-24 21:15:00,51149.96875,49620.418
2021-12-24 21:30:00,50942.015625,49618.094
2021-12-24 21:45:00,50925.1875,49599.227
2021-12-24 22:00:00,50841.19140625,49577.793
2021-12-24 22:15:00,50944.05859375,49551.613
2021-12-24 22:30:00,50870.51171875,49537.88
2021-12-24 22:45:00,50769.4140625,49523.55
2021-12-24 23:00:00,50572.53125,49503.098
2021-12-24 23:15:00,50787.75390625,49467.18
2021-12-24 23:30:00,50881.21484375,49452.24
2021-12-24 23:45:00,50813.08984375,49453.902
2021-12-25 00:00:00,50922.8359375,49454.65
2021-12-25 00:15:00,50961.734375,49465.285
2021-12-25 00:30:00,50984.8828125,49480.31
2021-12-25 00:45:00,51099.7421875,49496.223
2021-12-25 01:00:00,51134.98828125,49519.85
2021-12-25 01:15:00,51041.0390625,49544.53
2021-12-25 01:30:00,50930.25,49556.887
2021-12-25 01:45:00,50999.54296875,49553.68
2021-12-25 02:00:00,51053.890625,49552.383
2021-12-25 02:15:00,51128.22265625,49556.184
2021-12-25 02:30:00,51031.1875,49567.363
2021-12-25 02:45:00,50877.0859375,49570.125
2021-12-25 03:00:00,50914.3125,49556.54
2021-12-25 03:15:00,50972.04296875,49543.82
2021-12-25 03:30:00,51013.0390625,49538.27
2021-12-25 03:45:00,50934.77734375,49539.41
2021-12-25 04:00:00,51018.83203125,49535.54
2021-12-25 04:15:00,51015.13671875,49538.6
2021-12-25 04:30:00,50952.38671875,49542.62
2021-12-25 04:45:00,50907.29296875,49540.82
2021-12-25 05:00:00,51045.125,49533.727
2021-12-25 05:15:00,51019.10546875,49538.465
2021-12-25 05:30:00,50963.47265625,49543.24
2021-12-25 05:45:00,50939.50390625,49542.58
2021-12-25 06:00:00,50734.19140625,49538.375
2021-12-25 06:15:00,50883.44921875,49515.56
2021-12-25 06:30:00,50918.4375,49504.684
2021-12-25 06:45:00,50986.51171875,49501.746
2021-12-25 07:00:00,51097.703125,49508.008
2021-12-25 07:15:00,51051.8046875,49525.895
2021-12-25 07:30:00,50884.07421875,49540.06
2021-12-25 07:45:00,50974.66015625,49536.066
2021-12-25 08:00:00,50950.62109375,49535.55
2021-12-25 08:15:00,50866.078125,49533.438
2021-12-25 08:30:00,50870.21875,49523.832
2021-12-25 08:45:00,50945.6953125,49514.156
2021-12-25 09:00:00,50950.56640625,49512.68
2021-12-25 09:15:00,50954.5390625,49514.246
2021-12-25 09:30:00,50930.40625,49517.0
2021-12-25 09:45:00,50909.61328125,49517.56
2021-12-25 10:00:00,50865.203125,49515.586
2021-12-25 10:15:00,50766.4375,49509.25
2021-12-25 10:30:00,50765.88671875,49493.98
2021-12-25 10:45:00,50566.640625,49478.742
2021-12-25 11:00:00,50769.37890625,49448.35
2021-12-25 11:15:00,50765.75390625,49437.08
2021-12-25 11:30:00,50732.9765625,49432.598
2021-12-25 11:45:00,50662.1328125,49428.56
2021-12-25 12:00:00,50743.62109375,49419.34
2021-12-25 12:15:00,50913.18359375,49417.57
2021-12-25 12:30:00,50927.9609375,49433.19
2021-12-25 12:45:00,50854.30078125,49452.53
2021-12-25 13:00:00,50776.109375,49463.418
2021-12-25 13:15:00,50801.0546875,49463.094
2021-12-25 13:30:00,50921.234375,49461.574
2021-12-25 13:45:00,50964.82421875,49470.305
2021-12-25 14:00:00,50832.62890625,49484.203
2021-12-25 14:15:00,50834.75,49485.62
2021-12-25 14:30:00,50743.765625,49483.555
2021-12-25 14:45:00,50741.76953125,49472.414
2021-12-25 15:00:00,50745.6953125,49460.387
2021-12-25 15:15:00,50759.39453125,49450.35
2021-12-25 15:30:00,50835.14453125,49443.887
2021-12-25 15:45:00,50726.95703125,49446.406
2021-12-25 16:00:00,50687.33203125,49441.574
2021-12-25 16:15:00,50741.9296875,49432.266
2021-12-25 16:30:00,50617.9609375,49427.996
2021-12-25 16:45:00,50605.11328125,49414.824
2021-12-25 17:00:00,50640.26171875,49400.48
2021-12-25 17:15:00,50357.05859375,49391.27
2021-12-25 17:30:00,50405.99609375,49360.066
2021-12-25 17:45:00,50764.73046875,49332.617
2021-12-25 18:00:00,50808.99609375,49342.438
2021-12-25 18:15:00,50993.34765625,49365.35
2021-12-25 18:30:00,50956.9375,49405.402
2021-12-25 18:45:00,51033.203125,49440.312
2021-12-25 19:00:00,50896.32421875,49474.68
2021-12-25 19:15:00,50908.3828125,49490.324
2021-12-25 19:30:00,50920.34765625,49498.785
2021-12-25 19:45:00,50923.90234375,49504.117
2021-12-25 20:00:00,51002.1328125,49507.625
2021-12-25 20:15:00,50914.41796875,49516.78
2021-12-25 20:30:00,50913.6328125,49518.02
2021-12-25 20:45:00,50922.00390625,49516.836
2021-12-25 21:00:00,51010.1640625,49515.664
2021-12-25 21:15:00,51043.6015625,49522.434
2021-12-25 21:30:00,51107.60546875,49533.18
2021-12-25 21:45:00,51027.33203125,49549.016
2021-12-25 22:00:00,50949.2265625,49556.395
2021-12-25 22:15:00,50750.5625,49553.24
2021-12-25 22:30:00,50680.80078125,49529.773
2021-12-25 22:45:00,50660.7578125,49498.254
2021-12-25 23:00:00,50675.59375,49467.723
2021-12-25 23:15:00,50539.515625,49444.055
2021-12-25 23:30:00,50635.890625,49414.617
2021-12-25 23:45:00,50490.80859375,49397.61
2021-12-26 00:00:00,50543.92578125,49374.27
2021-12-26 00:15:00,50558.5859375,49358.42
2021-12-26 00:30:00,50363.2109375,49348.77
2021-12-26 00:45:00,50376.88671875,49325.582
2021-12-26 01:00:00,50480.125,49304.08
2021-12-26 01:15:00,50422.7109375,49295.754
2021-12-26 01:30:00,50630.80859375,49287.746
2021-12-26 01:45:00,50565.51953125,49300.176
2021-12-26 02:00:00,50520.4765625,49310.574
2021-12-26 02:15:00,50338.79296875,49315.12
2021-12-26 02:30:00,50089.13671875,49301.008
2021-12-26 02:45:00,50102.5390625,49261.72
2021-12-26 03:00:00,49947.5078125,49222.773
2021-12-26 03:15:00,49964.52734375,49176.49
2021-12-26 03:30:00,49760.04296875,49137.758
2021-12-26 03:45:00,49802.640625,49090.324
2021-12-26 04:00:00,49871.62109375,49052.53
2021-12-26 04:15:00,49752.03125,49030.062
2021-12-26 04:30:00,49848.33203125,49006.14
2021-12-26 04:45:00,49902.08984375,48994.816
2021-12-26 05:00:00,49867.1328125,48993.98
2021-12-26 05:15:00,49958.36328125,48993.844
2021-12-26 05:30:00,49940.09765625,49002.293
2021-12-26 05:45:00,49879.37109375,49010.27
2021-12-26 06:00:00,49860.91796875,49011.688
2021-12-26 06:15:00,49828.8984375,49009.31
2021-12-26 06:30:00,49817.1640625,49003.28
2021-12-26 06:45:00,49965.00390625,48996.094
2021-12-26 07:00:00,49780.0,49002.64
2021-12-26 07:15:00,49869.265625,48996.008
2021-12-26 07:30:00,49907.40234375,48994.688
2021-12-26 07:45:00,49940.14453125,48998.156
2021-12-26 08:00:00,49998.23046875,49005.484
2021-12-26 08:15:00,50029.76171875,49017.984
2021-12-26 08:30:00,49939.0859375,49032.723
2021-12-26 08:45:00,49836.56640625,49037.598
2021-12-26 09:00:00,49894.10546875,49029.855
2021-12-26 09:15:00,49946.6328125,49024.395
2021-12-26 09:30:00,49999.1328125,49024.81
2021-12-26 09:45:00,50036.0,49031.63
2021-12-26 10:00:00,50020.51953125,49042.582
2021-12-26 10:15:00,50059.15234375,49051.613
2021-12-26 10:30:00,50101.8984375,49062.016
2021-12-26 10:45:00,50135.54296875,49074.71
2021-12-26 11:00:00,50092.3828125,49088.832
2021-12-26 11:15:00,50095.47265625,49097.062
2021-12-26 11:30:00,49887.9375,49102.38
2021-12-26 11:45:00,49820.04296875,49087.44
2021-12-26 12:00:00,49872.98046875,49063.133
2021-12-26 12:15:00,49783.66015625,49044.3
2021-12-26 12:30:00,49928.08203125,49022.418
2021-12-26 12:45:00,49968.52734375,49016.14
2021-12-26 13:00:00,49973.9375,49019.184
2021-12-26 13:15:00,49829.05078125,49025.402
2021-12-26 13:30:00,49812.78125,49019.117
2021-12-26 13:45:00,49817.34375,49008.89
2021-12-26 14:00:00,49845.98828125,48999.336
2021-12-26 14:15:00,49774.31640625,48994.035
2021-12-26 14:30:00,49825.03125,48984.766
2021-12-26 14:45:00,49930.7734375,48980.445
2021-12-26 15:00:00,49954.48828125,48987.484
2021-12-26 15:15:00,50173.84375,48998.94
2021-12-26 15:30:00,50167.71484375,49029.547
2021-12-26 15:45:00,50105.53125,49059.973
2021-12-26 16:00:00,50089.203125,49079.9
2021-12-26 16:15:00,50154.5234375,49091.71
2021-12-26 16:30:00,50334.03125,49104.508
2021-12-26 16:45:00,50304.921875,49131.016
2021-12-26 17:00:00,50278.33203125,49154.21
2021-12-26 17:15:00,50319.53515625,49170.25
2021-12-26 17:30:00,50377.23046875,49184.85
2021-12-26 17:45:00,50258.85546875,49201.293
2021-12-26 18:00:00,50224.7421875,49204.715
2021-12-26 18:15:00,50226.59375,49200.69
2021-12-26 18:30:00,50215.453125,49194.97
2021-12-26 18:45:00,50329.7578125,49188.535
2021-12-26 19:00:00,50294.3125,49193.117
2021-12-26 19:15:00,50283.32421875,49196.926
2021-12-26 19:30:00,50380.57421875,49199.15
2021-12-26 19:45:00,50366.9453125,49209.125
2021-12-26 20:00:00,50359.4140625,49218.305
2021-12-26 20:15:00,50339.6171875,49225.15
2021-12-26 20:30:00,50324.859375,49228.285
2021-12-26 20:45:00,50323.94140625,49228.387
2021-12-26 21:00:00,50038.29296875,49227.375
2021-12-26 21:15:00,50366.09375,49200.77
2021-12-26 21:30:00,50879.79296875,49200.48
2021-12-26 21:45:00,50779.70703125,49252.95
2021-12-26 22:00:00,50877.33984375,49303.133
2021-12-26 22:15:00,50845.234375,49353.758
2021-12-26 22:30:00,51090.69140625,49392.41
2021-12-26 22:45:00,51008.16015625,49442.363
2021-12-26 23:00:00,50890.48828125,49478.715
2021-12-26 23:15:00,50766.33984375,49494.348
2021-12-26 23:30:00,50792.1875,49489.73
2021-12-26 23:45:00,50798.125,49481.74
2021-12-27 00:00:00,50807.171875,49474.06
2021-12-27 00:15:00,50931.328125,49468.496
2021-12-27 00:30:00,50690.71875,49475.535
2021-12-27 00:45:00,50630.91015625,49463.6
2021-12-27 01:00:00,50521.0078125,49443.445
2021-12-27 01:15:00,50701.00390625,49414.258
2021-12-27 01:30:00,50677.59375,49403.43
2021-12-27 01:45:00,50874.21875,49397.516
2021-12-27 02:00:00,50750.140625,49412.098
2021-12-27 02:15:00,50794.14453125,49419.1
2021-12-27 02:30:00,50862.75,49427.188
2021-12-27 02:45:00,50861.55078125,49440.01
2021-12-27 03:00:00,50933.7578125,49451.785
2021-12-27 03:15:00,51065.22265625,49467.668
2021-12-27 03:30:00,51083.0078125,49493.48
2021-12-27 03:45:00,50975.96875,49519.113
2021-12-27 04:00:00,51039.81640625,49530.8
2021-12-27 04:15:00,50904.4375,49542.023
2021-12-27 04:30:00,50987.51171875,49538.605
2021-12-27 04:45:00,51020.8828125,49538.938
2021-12-27 05:00:00,50946.93359375,49542.773
2021-12-27 05:15:00,50962.9140625,49540.426
2021-12-27 05:30:00,50957.8203125,49538.25
2021-12-27 05:45:00,50917.17578125,49535.867
2021-12-27 06:00:00,50788.56640625,49530.24
2021-12-27 06:15:00,50899.17578125,49513.297
2021-12-27 06:30:00,50953.921875,49505.895
2021-12-27 06:45:00,50961.3046875,49507.086
2021-12-27 07:00:00,50925.38671875,49511.453
2021-12-27 07:15:00,50891.109375,49513.023
2021-12-27 07:30:00,50836.92578125,49510.58
2021-12-27 07:45:00,50798.8046875,49502.547
2021-12-27 08:00:00,50860.65234375,49490.875
2021-12-27 08:15:00,50883.1796875,49485.598
2021-12-27 08:30:00,50829.921875,49484.996
2021-12-27 08:45:00,50658.19921875,49481.32
2021-12-27 09:00:00,50649.13671875,49462.363
2021-12-27 09:15:00,50675.60546875,49441.57
2021-12-27 09:30:00,50612.578125,49425.91
2021-12-27 09:45:00,50754.09765625,49408.92
2021-12-27 10:00:00,50778.26171875,49407.348
2021-12-27 10:15:00,50749.33203125,49412.652
2021-12-27 10:30:00,50728.23828125,49416.887
2021-12-27 10:45:00,50894.59375,49418.41
2021-12-27 11:00:00,50862.24609375,49433.64
2021-12-27 11:15:00,50745.72265625,49447.105
2021-12-27 11:30:00,50784.734375,49447.688
2021-12-27 11:45:00,50688.32421875,49447.88
2021-12-27 12:00:00,50680.73046875,49438.98
2021-12-27 12:15:00,50713.67578125,49428.383
2021-12-27 12:30:00,51075.546875,49421.855
2021-12-27 12:45:00,51056.55078125,49449.77
2021-12-27 13:00:00,51025.484375,49480.934
2021-12-27 13:15:00,51304.0625,49505.62
2021-12-27 13:30:00,51218.47265625,49548.816
2021-12-27 13:45:00,51298.78515625,49581.55
2021-12-27 14:00:00,51360.40234375,49612.965
2021-12-27 14:15:00,51312.3125,49643.363
2021-12-27 14:30:00,51604.29296875,49663.508
2021-12-27 14:45:00,51600.7421875,49702.91
2021-12-27 15:00:00,51561.30859375,49739.758
2021-12-27 15:15:00,51513.953125,49766.105
2021-12-27 15:30:00,51457.04296875,49780.344
2021-12-27 15:45:00,51462.0546875,49783.14
2021-12-27 16:00:00,51398.05859375,49782.227
2021-12-27 16:15:00,51355.171875,49774.35
2021-12-27 16:30:00,51365.61328125,49762.008
2021-12-27 16:45:00,51505.21875,49751.355
2021-12-27 17:00:00,51533.9140625,49755.34
2021-12-27 17:15:00,51768.58203125,49765.266
2021-12-27 17:30:00,51953.625,49796.3
2021-12-27 17:45:00,51818.16796875,49844.09
2021-12-27 18:00:00,51777.9921875,49876.277
2021-12-27 18:15:00,51707.37890625,49895.145
2021-12-27 18:30:00,51721.59375,49900.066
2021-12-27 18:45:00,51688.55078125,49901.008
2021-12-27 19:00:00,51579.8828125,49897.242
2021-12-27 19:15:00,51496.9921875,49883.07
2021-12-27 19:30:00,51481.40625,49861.117
2021-12-27 19:45:00,51286.5390625,49839.312
2021-12-27 20:00:00,51353.015625,49804.047
2021-12-27 20:15:00,51159.9921875,49777.39
2021-12-27 20:30:00,50987.70703125,49740.53
2021-12-27 20:45:00,51258.6015625,49692.586
2021-12-27 21:00:00,51205.94921875,49674.008
2021-12-27 21:15:00,51292.2578125,49662.13
2021-12-27 21:30:00,51252.02734375,49662.902
2021-12-27 21:45:00,50992.83203125,49663.82
2021-12-27 22:00:00,51091.90625,49642.066
2021-12-27 22:15:00,51128.734375,49626.73
2021-12-27 22:30:00,50984.7890625,49618.61
2021-12-27 22:45:00,50978.40625,49601.46
2021-12-27 23:00:00,50959.015625,49584.57
2021-12-27 23:15:00,50893.328125,49568.883
2021-12-27 23:30:00,50813.24609375,49550.6
2021-12-27 23:45:00,50729.48046875,49527.87
2021-12-28 00:00:00,50548.51953125,49500.53
2021-12-28 00:15:00,50328.265625,49460.688
2021-12-28 00:30:00,50266.98046875,49404.832
2021-12-28 00:45:00,50388.4765625,49348.637
2021-12-28 01:00:00,50195.66796875,49312.773
2021-12-28 01:15:00,50245.97265625,49272.223
2021-12-28 01:30:00,49869.57421875,49242.703
2021-12-28 01:45:00,49881.2265625,49188.785
2021-12-28 02:00:00,49814.15625,49138.367
2021-12-28 02:15:00,49814.78515625,49091.508
2021-12-28 02:30:00,49853.6171875,49054.2
2021-12-28 02:45:00,49823.25390625,49029.887
2021-12-28 03:00:00,49566.8671875,49011.5
2021-12-28 03:15:00,49703.33984375,48976.668
2021-12-28 03:30:00,49657.73828125,48954.758
2021-12-28 03:45:00,49838.79296875,48936.273
2021-12-28 04:00:00,49703.765625,48938.152
2021-12-28 04:15:00,48963.4453125,48934.344
2021-12-28 04:30:00,49096.4140625,48868.32
2021-12-28 04:45:00,49161.80078125,48804.863
2021-12-28 05:00:00,49188.9921875,48756.55
2021-12-28 05:15:00,48978.92578125,48723.418
2021-12-28 05:30:00,49203.98046875,48683.703
2021-12-28 05:45:00,49298.40625,48667.824
2021-12-28 06:00:00,49178.02734375,48670.195
2021-12-28 06:15:00,49281.1484375,48668.164
2021-12-28 06:30:00,49289.171875,48674.527
2021-12-28 06:45:00,49209.13671875,48683.035
2021-12-28 07:00:00,49315.703125,48684.145
2021-12-28 07:15:00,49218.05859375,48692.023
2021-12-28 07:30:00,49174.07421875,48692.094
2021-12-28 07:45:00,49257.44140625,48686.23
2021-12-28 08:00:00,49419.921875,48686.37
2021-12-28 08:15:00,49419.50390625,48702.28
2021-12-28 08:30:00,49403.54296875,48720.418
2021-12-28 08:45:00,49458.7265625,48735.13
2021-12-28 09:00:00,49362.61328125,48751.086
2021-12-28 09:15:00,49370.84765625,48756.24
2021-12-28 09:30:00,49238.30078125,48757.914
2021-12-28 09:45:00,49125.9140625,48746.77
2021-12-28 10:00:00,48960.61328125,48724.05
2021-12-28 10:15:00,49061.8359375,48687.44
2021-12-28 10:30:00,49048.72265625,48660.598
2021-12-28 10:45:00,49051.859375,48639.867
2021-12-28 11:00:00,49028.22265625,48625.06
2021-12-28 11:15:00,49166.515625,48612.83
2021-12-28 11:30:00,49148.3828125,48615.34
2021-12-28 11:45:00,49237.2578125,48620.54
2021-12-28 12:00:00,49144.50390625,48633.8
2021-12-28 12:15:00,49281.71875,48639.438
2021-12-28 12:30:00,49264.5703125,48653.758
2021-12-28 12:45:00,49158.4296875,48666.625
2021-12-28 13:00:00,49119.74609375,48668.06
2021-12-28 13:15:00,49161.62890625,48662.406
2021-12-28 13:30:00,49277.328125,48658.625
2021-12-28 13:45:00,49031.34765625,48665.844
2021-12-28 14:00:00,48955.29296875,48654.594
2021-12-28 14:15:00,49045.40625,48633.363
2021-12-28 14:30:00,48854.79296875,48619.5
2021-12-28 14:45:00,49124.39453125,48594.223
2021-12-28 15:00:00,49020.2109375,48592.29
2021-12-28 15:15:00,49055.875,48588.96
2021-12-28 15:30:00,48969.71484375,48589.312
2021-12-28 15:45:00,48970.7109375,48583.637
2021-12-28 16:00:00,48612.30859375,48577.176
2021-12-28 16:15:00,48286.7734375,48541.715
2021-12-28 16:30:00,48533.03515625,48476.586
2021-12-28 16:45:00,48649.9921875,48431.625
2021-12-28 17:00:00,48416.984375,48409.523
2021-12-28 17:15:00,48155.7890625,48379.668
2021-12-28 17:30:00,47865.71484375,48331.48
2021-12-28 17:45:00,47978.671875,48263.69
2021-12-28 18:00:00,47930.9453125,48207.137
2021-12-28 18:15:00,47926.078125,48159.055
2021-12-28 18:30:00,47946.2109375,48121.254
2021-12-28 18:45:00,47836.828125,48094.86
2021-12-28 19:00:00,47552.203125,48068.156
2021-12-28 19:15:00,47571.41796875,48025.35
2021-12-28 19:30:00,47760.7109375,47984.082
2021-12-28 19:45:00,47732.66015625,47963.86
2021-12-28 20:00:00,47746.26171875,47951.785
2021-12-28 20:15:00,47867.953125,47946.047
2021-12-28 20:30:00,47964.12109375,47953.547
2021-12-28 20:45:00,47760.05078125,47972.355
2021-12-28 21:00:00,47817.8828125,47975.684
2021-12-28 21:15:00,47762.9375,47978.254
2021-12-28 21:30:00,47746.109375,47975.383
2021-12-28 21:45:00,47669.5859375,47969.766
2021-12-28 22:00:00,47575.4140625,47958.043
2021-12-28 22:15:00,47580.66015625,47938.78
2021-12-28 22:30:00,47534.296875,47920.152
2021-12-28 22:45:00,47723.4765625,47900.906
2021-12-28 23:00:00,47665.8984375,47899.383
2021-12-28 23:15:00,47738.81640625,47899.434
2021-12-28 23:30:00,47804.3984375,47906.35
2021-12-28 23:45:00,47657.25390625,47919.902
2021-12-29 00:00:00,47768.60546875,47921.832
2021-12-29 00:15:00,47776.48046875,47928.625
2021-12-29 00:30:00,47675.26953125,47936.375
2021-12-29 00:45:00,47777.26171875,47935.156
2021-12-29 01:00:00,47901.421875,47939.336
2021-12-29 01:15:00,47924.30078125,47954.59
2021-12-29 01:30:00,47844.0546875,47973.105
2021-12-29 01:45:00,47746.4765625,47983.45
2021-12-29 02:00:00,47903.23828125,47981.52
2021-12-29 02:15:00,47949.2265625,47988.312
2021-12-29 02:30:00,47960.51953125,48000.42
2021-12-29 02:45:00,48029.73828125,48013.457
2021-12-29 03:00:00,48090.80078125,48030.453
2021-12-29 03:15:00,48007.30859375,48051.027
2021-12-29 03:30:00,48008.765625,48062.75
2021-12-29 03:45:00,48023.34375,48069.805
2021-12-29 04:00:00,47938.30078125,48075.125
2021-12-29 04:15:00,47901.0234375,48071.95
2021-12-29 04:30:00,47963.53125,48063.348
2021-12-29 04:45:00,47849.37109375,48059.184
2021-12-29 05:00:00,47843.9609375,48047.75
2021-12-29 05:15:00,47837.4296875,48035.36
2021-12-29 05:30:00,47800.58984375,48023.938
2021-12-29 05:45:00,47932.921875,48011.656
2021-12-29 06:00:00,47947.7265625,48011.848
2021-12-29 06:15:00,47965.265625,48017.402
2021-12-29 06:30:00,47939.3359375,48025.586
2021-12-29 06:45:00,47833.34375,48031.35
2021-12-29 07:00:00,47731.72265625,48026.83
2021-12-29 07:15:00,47684.91015625,48011.543
2021-12-29 07:30:00,47652.90625,47991.137
2021-12-29 07:45:00,47603.02734375,47969.434
2021-12-29 08:00:00,47717.3515625,47946.707
2021-12-29 08:15:00,47674.5,47936.035
2021-12-29 08:30:00,47729.14453125,47927.695
2021-12-29 08:45:00,47728.69140625,47926.17
2021-12-29 09:00:00,47731.87109375,47927.258
2021-12-29 09:15:00,47523.74609375,47929.477
2021-12-29 09:30:00,47628.3125,47915.766
2021-12-29 09:45:00,48000.68359375,47906.61
2021-12-29 10:00:00,47904.83984375,47930.344
2021-12-29 10:15:00,47791.40234375,47953.71
2021-12-29 10:30:00,47798.01171875,47964.67
2021-12-29 10:45:00,47714.12109375,47970.246
2021-12-29 11:00:00,47667.35546875,47966.082
2021-12-29 11:15:00,47632.89453125,47955.527
2021-12-29 11:30:00,47678.8203125,47941.54
2021-12-29 11:45:00,47744.57421875,47931.91
2021-12-29 12:00:00,47070.5546875,47930.562
2021-12-29 12:15:00,46865.765625,47886.508
2021-12-29 12:30:00,46903.30859375,47820.63
2021-12-29 12:45:00,46913.41796875,47756.88
2021-12-29 13:00:00,46907.34765625,47702.402
2021-12-29 13:15:00,46730.20703125,47658.297
2021-12-29 13:30:00,46934.81640625,47614.242
2021-12-29 13:45:00,46988.5078125,47587.812
2021-12-29 13:50:02,47037.7109375,47574.78
